content_id,subject,sentiment_value,sentiment_word,sp_word
XuPwKCnA2fqNh5vm,价格,0,,价格便宜
2jNbDn85goX3IuPE,价格,0,,价格便宜
hLgEADQ8sUnvGFK9,价格,0,,
nZmM7LQsfr03wUaz,价格,0,,
pwd8MnrthDqLZafe,价格,0,,价格便宜
cudSKGTyMLbIt8k3,价格,0,,价格便宜
U5RMQtopwFzDVxHm,价格,0,,价格便宜
Kh0ayJjuTrzwPAs1,价格,0,,
YZovRtEAyQJgTi1I,价格,0,,价格便宜
BeSIAUzoTWH9muYl,配置,0,,价格便宜
SXYTBWg6FxuboMnd,配置,0,,优惠
RDgTmzW9xBfY6pGv,配置,0,,优惠
8cMwzsxkL4XtuDG1,配置,0,,优惠
MOUrvjDsIJpbw6dQ,配置,0,,优惠
t01PVoDSd9Lsy5HN,配置,0,,优惠
icMQmPJA9Sv0KGTw,安全性,0,,优惠
icMQmPJA9Sv0KGTw,操控,0,,优惠
icMQmPJA9Sv0KGTw,舒适性,0,,优惠
VQkjM1657sIroCf3,舒适性,0,,优惠
1rGSYnOx9Fb2ULQX,配置,0,,优惠
SgNFp8ixQX1HA64y,价格,1,,优惠
sO6Ac1mThYBKyl4M,价格,0,,优惠
sO6Ac1mThYBKyl4M,油耗,0,,优惠
qIUiOxGdb0M4PQky,油耗,0,,优惠
6GMYQa0Ag4o9nsZ2,油耗,0,,优惠
6Ewe2kxO5msAg0yU,动力,0,,优惠
PMeBcRxizIaNmAC7,油耗,0,,优惠
9x4gvon6TfN0KtqY,油耗,0,,优惠
Er3x8Ks6mpQqeZO0,油耗,0,,优惠
f5UhrHg6Zztl7VWj,价格,0,,优惠
f5UhrHg6Zztl7VWj,舒适性,0,,优惠
fYtbApDWqzGmKX8F,舒适性,0,,优惠
fYtbApDWqzGmKX8F,动力,0,,优惠
YUWFxTOoZCkNzKcu,舒适性,0,,优惠
hNVSLDr06cMsgwfI,内饰,0,,优惠
aV6A5z8pJRkKIC9r,内饰,0,,优惠
aV6A5z8pJRkKIC9r,外观,0,,优惠
E9SZbnzR2XW0QiLs,内饰,0,,确实
DXhAOZEsTBVWaSRH,价格,1,,便宜
6p8glZ2iewsInqK4,价格,0,,确实
AWsymeHLSU1f38tT,安全性,0,,优惠
l94kJgMBpYoODyzQ,安全性,0,,确实
bVeAzdpgX7tFDlPI,安全性,0,,确实
lQ0N8fd4On7TzcsD,安全性,0,,确实
jhmIcH6LTxkGVE19,安全性,0,,确实
68jBJULyWclT9Pir,安全性,0,,确实
7prF9LJoixSgPQvM,安全性,0,,优惠
Q4lp0HBNfTD2xYAv,操控,1,,优惠
M3Hqx1Un8ygzFTtl,操控,1,,优惠
cIevXAM5FRp14Nni,操控,0,,优惠
8jCcfemUlPaQFx67,动力,0,,优惠
ZqEa9wGAXNCDRoph,动力,0,,优惠
SHbyJ2RM9oi4ZtdD,动力,0,,优惠
vNgGz3Kfj1qCe92E,动力,0,,优惠
9eqiWkfr8HNR0xPo,动力,0,,优惠
sAtwDdFoc06XgaW9,动力,0,,优惠
23EJ8RwY9PcotslQ,动力,0,,优惠
oKdBRimU38Gjc9PJ,动力,0,,优惠
zsADXh4cYeUjEKSP,动力,0,,优惠
Q2LaKeht0Vvo1Rn6,动力,0,,优惠
hszDKcUSek9dyP5o,动力,0,,优惠
Mb7fevclI1UmTzo3,动力,0,,优惠
rgv1ykaC29JoQlcu,动力,0,,优惠
EKI7PjFs81Lc52uS,动力,0,,优惠
5b2XhIBYPOCfMzcu,动力,0,,优惠
n2Fm18vbEDIa53ys,动力,0,,优惠
Mq4oVg68SWFBz9i5,动力,0,,优惠
7hHUfbrVKp1aAFmN,动力,0,,优惠
qvD82LNTpMdsAXIe,动力,0,,优惠
sKPpYiV2bXWEjTLc,空间,1,,优惠
KaM0rQpCE7yLYgH2,空间,0,,优惠
KaM0rQpCE7yLYgH2,舒适性,0,,优惠
g1qaKmR09LUXcp8B,外观,0,,优惠
OKVCfRJ8X9BwxaTv,安全性,0,,优惠
tcPLeKdDrkYG1394,价格,0,,优惠
siYq5vrJBQzkuZPy,外观,0,,优惠
aLs9AwhZ85vgiRbx,价格,0,,优惠
UneE7iqV6mW5HlgP,油耗,0,,优惠
UneE7iqV6mW5HlgP,舒适性,0,,优惠
8P6E32xNmKAebnOs,价格,0,,东西
j2vcEXIrmkH9qs1J,价格,0,,优惠
CshiU6A13rR9dbPS,价格,0,,东西
6JZHOqne2YW01FVz,油耗,0,,优惠
kFo7T8n6wXICfc3d,安全性,0,,东西
4nAlYpJof87Nj1F3,价格,0,,综合
v6iprjTLdctoJW3b,操控,0,,东西
RF9YTAlbQU5CagdN,操控,0,,东西
RF9YTAlbQU5CagdN,空间,0,,东西
DYhuU8SPpywX2eN9,外观,0,,东西
Aml1h4xUJt5u6bQ9,动力,0,,优惠
hcWAJdmC9avz7MU1,价格,0,,优惠
9Jt0O5d3s6wz1lkf,价格,0,,优惠
ZgEVkuFc0QNqpsYG,价格,0,,优惠
QRw7ngTJ2A5CYBGW,操控,0,,优惠
QRw7ngTJ2A5CYBGW,油耗,0,,优惠
06vPIQBqVNe2dl3f,操控,0,,优惠
06vPIQBqVNe2dl3f,油耗,0,,优惠
p0FUwsNPYQKl1HSg,安全性,0,,优惠
BDoeHPlCiNVXEvrg,价格,0,,优惠
ARIng69ZHsY7DCN1,价格,0,,优惠
zPg9hyoViI8JUYw6,油耗,0,,优惠
cBMxouh5FEnz36DI,价格,0,,配置
Q6aR7udCFz4U5jrI,油耗,0,,配置
y3Oa1dcwCjlBsRPM,动力,0,,配置
6ALsOa4BdUbFfGr7,安全性,0,,配置
6ALsOa4BdUbFfGr7,动力,0,,配置
e04NZMmVT1qLJXIu,动力,0,,配置
9Lkxm8NewpuUVG2T,安全性,0,,配置
SEFvD0TOQgnlJsWK,操控,0,,配置
SEFvD0TOQgnlJsWK,动力,0,,配置
S1WzLCPqeIT8sMmZ,配置,0,,配置
MSn1hW8XCsGTkpxY,安全性,0,,配置
AC9siSxTEzyKrlaZ,舒适性,0,,配置
5rBkYEyl1IU0TVhC,操控,0,,建议
WZmFIHJLqT3O1BVk,空间,0,,建议
x6mbO2rHfU3hTej4,内饰,0,,导航
x6mbO2rHfU3hTej4,舒适性,0,,导航
8Hdtp2WE6nMf93YP,动力,0,,建议
ELck8IARbwdpgvri,价格,0,,建议
HfSMToNXhrwY3mlk,动力,0,,建议
rM6sP4AXpCfNc7xR,价格,0,,建议
14dQnL9lxMYeksH3,配置,0,,建议
14dQnL9lxMYeksH3,安全性,0,,建议
vdWmiISbRku1Cl3J,价格,0,,音响
41UzNi5pMPDG7nhf,外观,0,,建议
NAC6vpWtqaTQYXD8,内饰,1,,16
NAC6vpWtqaTQYXD8,舒适性,0,,16
HAVTYESJNfjlZ9iM,价格,0,,16
HAVTYESJNfjlZ9iM,配置,0,,16
42VhMRSsCcn85kEd,动力,0,,导航
Wf9T283SZphL6tQ4,配置,0,,16
D2HpBfqwoecTkhdS,配置,0,,16
NT3qf2R5XrGonlgk,油耗,0,,导航
dm1W2BIEyJ0Gsxp8,配置,0,,16
Mglj9pKWkY7Isixm,配置,0,,导航
otT6DmhdEpx5Q74R,配置,0,,16
SclmZXYIUoBv478b,油耗,0,,16
BZ4Ig9Gr7zQPM6Xt,动力,0,,确实
FLxPweOVGBTmnoQE,油耗,0,,确实
FLxPweOVGBTmnoQE,动力,0,,确实
H903fh4mU1dtQTiZ,价格,1,,导航
g27EQ5F4bMjSp9qc,价格,0,,确实
o9iwO8ChDBUTJ7YI,内饰,0,,确实
tka3Nq9TAR5BH7Ij,价格,0,,确实
tka3Nq9TAR5BH7Ij,安全性,0,,确实
lswKvJMLT50iudoG,舒适性,0,,确实
QG07en46S5qxWUud,油耗,0,,确实
QG07en46S5qxWUud,动力,0,,确实
u3gf4yJX5SNGmhIs,舒适性,0,,确实
9firBmw7PNz0XQyE,空间,1,,确实
bJ5L9HBuvqgPm3O2,外观,0,,导航
HkGilbeypwMczdoQ,内饰,0,,导航
HkGilbeypwMczdoQ,外观,0,,导航
5jHabez9oxP4CY8O,油耗,0,,导航
5jHabez9oxP4CY8O,动力,0,,导航
eAfZWrs5b3UJP7Bl,动力,0,,导航
ocOHDW3kGit6jpBm,油耗,0,,导航
xDOnv0fUogsFlkuC,价格,0,,导航
gTd84yZ6R0VLaYSF,外观,0,,导航
gsiR7FHy5YndmTXK,价格,0,,导航
nhAC4mEYRazX9dJL,内饰,0,,导航
nhAC4mEYRazX9dJL,操控,1,,导航
Mj9ZO61VWTefml7z,舒适性,0,,导航
cdV1254iqHpAawt7,动力,0,,导航
dRtVLIX4F60YvMbG,舒适性,0,,导航
Na2ezFRWDrCGY571,内饰,0,,导航
s3U4wYnirNfeQ7o0,油耗,0,,不到
ZvSrjpV3oYxARtOq,操控,1,,导航
j5dIzG0CvbFxlQgf,安全性,0,,不到
j5dIzG0CvbFxlQgf,操控,0,,不到
j5dIzG0CvbFxlQgf,舒适性,0,,不到
WXLA1peMJxl2RTQg,动力,0,,不到
1YyTakcRLKS43CWs,外观,0,,不到
N9CZ1kQdnrxPaqRs,空间,1,,不到
zXPLFe5Sqvc06RuG,外观,0,,不到
zXPLFe5Sqvc06RuG,空间,1,,不到
qpPHjUw7IMJNFSub,价格,0,,轮胎
JlWDb4BCsTiN2Ie3,动力,0,,轮胎
VocwTNU3JkR50mvI,安全性,0,,轮胎
O7j9h8MaymUvVAtT,价格,0,,轮胎
wogvV9fYFN2uHxMa,舒适性,0,,轮胎
S7uwyZiTsRWX6Nzh,动力,0,,轮胎
CF781DrEqjJh5eHX,油耗,0,,轮胎
5TCU9c6I3esSFVx7,油耗,0,,轮胎
rsPHOp7WeK2uYgb6,价格,0,,轮胎
N0MLJFXRIE3wVl9d,动力,0,,轮胎
1WCAISQtuEdTZ7G5,舒适性,0,,轮胎
KH853hdTJX2nWM71,油耗,0,,两个
a52KoCrScpnW8xlR,动力,0,,原车
ikqn9SVU1dDFeYpb,油耗,0,,轮胎
ikqn9SVU1dDFeYpb,动力,0,,轮胎
EreqkWG8o357Htdh,价格,0,,原车
UWDsRXma9t6FpxKo,外观,0,,轮胎
oK8vTpZzAag7iCur,动力,0,,原车
QqmEuP4l6sMTXASx,油耗,0,,两个
AdTjwHJso1K6Xcpa,内饰,0,,轮胎
qtW1wiyejr4zF3Hu,动力,0,,两个
m6XbwZQn9D8hqOf3,舒适性,0,,
gaoKxMwZOX7TQSbY,动力,0,,中控
4PUWD5HkGZFdcYr6,动力,0,,中控
j5dpvDJ80YWPSew3,安全性,0,,中控
4SDY29tXIivB6VLZ,动力,0,,中控
x4fpOqR6sUiClheE,动力,0,,中控
H6CfVzu4mLq0JkR7,内饰,1,,中控
H6CfVzu4mLq0JkR7,操控,0,,中控
jMWAIfyUN3sqTovd,价格,0,,中控
tDN57PGxglB8WOdH,内饰,0,,中控
ZbGpiu1Q9vEkHaVJ,价格,0,,中控
q8mnYHr6vAKoTOx9,油耗,0,,
W8dF6ujP3KemG7ac,外观,0,,
vF1hy5Ple8XGEOVb,外观,0,,
97fvXxIlWCbBYULt,内饰,0,,
97fvXxIlWCbBYULt,空间,0,,
guCoQmIawZqz374R,动力,0,,
akAurTlP2oUxnzyv,操控,0,,
8oeBjF7TwlPyLvcY,舒适性,0,,
JDwFsuZQMy5mVRzp,配置,0,,
TMYuydGFgJOWSsLx,安全性,0,,
yQhSYbRB7gu3Pma6,舒适性,0,,
xQbOMh3lHYJNAWsv,动力,0,,北京
bX2DFsLOUIMxQzCB,舒适性,0,,
sdAoJBha65SUxfWM,舒适性,0,,北京
dm6eXoIg9Df0nFaV,配置,0,,
qopu4EsiAz9KU7MC,空间,1,,北京
VuQntJTzsOL1ao0W,动力,0,,北京
3GtNOfDcna4Mzk5i,动力,0,,北京
T40PlF3fkStJdIx9,价格,0,,
3s9NFKhCQk70Ti2E,价格,0,,北京
aKoINhXEle3QS6zy,安全性,0,,北京
RjTnb0AcmBiaP2ky,动力,0,,油耗
p8SCmcxyB1aeOTYG,价格,0,,油耗
uPCDeFYmpcfRz1tQ,配置,0,,油耗
lkJziVEyecn7d5gh,舒适性,0,,油耗
xXQtrRW7UOwPCbEi,动力,0,,油耗
Dj6R3K2iLuEtUnWG,动力,0,,油耗
SOY2TGwFQi8Etknh,动力,0,,油耗
6x4Is30vB1laSHoN,动力,0,,油耗
ZAx5w2LSbkGdRMFQ,配置,0,,油耗
ZAx5w2LSbkGdRMFQ,操控,0,,油耗
Z1kNWAOM9rYol0Ve,空间,0,,油耗
Z1kNWAOM9rYol0Ve,舒适性,0,,油耗
V3xslWKOyv9ILquX,操控,0,,油耗
V3xslWKOyv9ILquX,油耗,0,,油耗
7duqegOxLs2Vo8XW,空间,0,,油耗
7duqegOxLs2Vo8XW,舒适性,0,,油耗
Krp3Gzk2aNhHJ6R7,油耗,0,,油耗
Krp3Gzk2aNhHJ6R7,动力,0,,油耗
gnpKm9FPl4Y3OL8h,配置,0,,油耗
axPES1MA7I8BlcvO,操控,1,,油耗
axPES1MA7I8BlcvO,舒适性,0,,油耗
qrM0TVRhAm18Q6uO,动力,0,,油耗
PXdW23e95gLOhBaf,油耗,0,,油耗
PXdW23e95gLOhBaf,动力,0,,油耗
TBy1z62utW8GcvIs,动力,0,,油耗
HWDQF5VOam2NR6rX,价格,0,,油耗
heEaPY3Z1upcSxyt,动力,0,,油耗
BgJk730pyovPubIr,动力,0,,动力
sJlZXtVAdKeq0gha,价格,0,,动力
sJlZXtVAdKeq0gha,配置,0,,动力
bHtilDz4Yf8v7TmS,空间,0,,动力
bHtilDz4Yf8v7TmS,舒适性,0,,动力
tpl0FmwfHdM13qZK,操控,1,,动力
6oPvUG1VLyzSKxOM,空间,1,,动力
YUG1zybnqjSDmZkJ,空间,1,,动力
USrqtIMjsYzeRi4W,内饰,1,,动力
USrqtIMjsYzeRi4W,配置,0,,动力
fwr9qOUYsxJK0ACm,内饰,1,,动力
fwr9qOUYsxJK0ACm,配置,0,,动力
Ht7R0SnZMEV1eD6Q,配置,0,,动力
5uj6bGWhXVE2aceA,配置,0,,动力
XfUjb9C4gzecudla,配置,0,,油耗
XfUjb9C4gzecudla,动力,0,,油耗
xsReYtP7VfJjdhSF,配置,0,,油耗
tHWyUYRxdGbqf753,配置,0,,油耗
tHWyUYRxdGbqf753,动力,0,,油耗
6kCpDM1SoTf0jJPE,配置,0,,油耗
goKCk8Rb1pX9WMHm,配置,0,,油耗
8ijAZKYdwx5BXeEz,配置,0,,油耗
8ijAZKYdwx5BXeEz,油耗,0,,油耗
e3okWLYKjs9G72AC,配置,0,,油耗
jITzq8OdwA31Htxk,配置,0,,油耗
t6UAah74Glob2D0V,内饰,1,,油耗
CmpW4Xv207JquMt1,内饰,0,,油耗
CmpW4Xv207JquMt1,外观,0,,油耗
4wZWbHCFdfML9KuG,内饰,0,,油耗
WovLRxkSqwECfc8X,内饰,0,,油耗
oX1pJ3yMtIaOcNWA,内饰,0,,油耗
s3itxIAdrfum9pcW,内饰,1,,油耗
s3itxIAdrfum9pcW,外观,0,,油耗
pZwnM9mjutIRUkXs,内饰,0,,油耗
pZwnM9mjutIRUkXs,油耗,0,,油耗
92br5tQejaEywGWP,内饰,0,,油耗
j32vz0EsGwWqnPyX,价格,0,,油耗
auH2N6r5nbFAiIpd,价格,0,,油耗
ZwRt05lCQKhTJvP1,价格,0,,油耗
h1EMXCOJgZmAU6Pz,价格,0,,油耗
h1EMXCOJgZmAU6Pz,动力,0,,油耗
9f1boRZ3OC74gtX0,价格,0,,80
9f1boRZ3OC74gtX0,动力,0,,80
fqWAnpjt7x4uRYCX,价格,0,,80
SpPEa8nQWH6hlFNu,价格,0,,速度
f62Gp0gW98REZAuw,安全性,0,,速度
f62Gp0gW98REZAuw,操控,0,,速度
GNa1PiTpkvQS7Brl,动力,0,,省油
PQ4aUyTilNXxORcY,动力,0,,速度
yNG3vwVFWsjkRIMg,舒适性,0,,省油
yNG3vwVFWsjkRIMg,动力,0,,省油
L2XqxsdSn46Iluap,动力,0,,省油
5JBfIwshEo6tUk7K,动力,0,,省油
CmIWFZpKzrEfqDVw,动力,0,,速度
ZAPEkuB72jnC45lO,动力,0,,价格
7RN83mKkVYUHsT5l,外观,0,,价格
1NiFvMeJH0mGW3DL,动力,0,,价格
54tGhC6PrfmegIA1,动力,0,,轮胎
QAIbFNTvKfR5WiyD,动力,0,,价格
74gkpaVmG8F5UCoy,动力,0,,轮胎
yYV0rn5D2fNUwmIx,动力,0,,里程
NqFnG0WxBMp51tea,动力,0,,价格
JSysamBMxUlE3w4d,油耗,0,,舒适性
JSysamBMxUlE3w4d,动力,0,,舒适性
XyZf0bjvpHk8OM9i,动力,0,,价格
k41e9Px3UihCG0mp,油耗,0,,动力
SCZnbgBQITP40LoU,油耗,0,,动力
SMJC8lbAtwDmHQr9,油耗,0,,动力
SMJC8lbAtwDmHQr9,动力,0,,动力
ig1CYQufD2BrU3WO,动力,0,,动力
qLpTto5K4MyNFBaZ,配置,0,,动力
qLpTto5K4MyNFBaZ,动力,0,,动力
HkaSb1yPMxmniAOl,动力,0,,动力
m6Y1uZiXQ0Stj9RH,动力,0,,动力
EmMhBLe53vG2rsxn,舒适性,0,,动力
EmMhBLe53vG2rsxn,动力,0,,动力
C2izVwpOYvM9JjDt,油耗,0,,空调
Mb7Zz60NWyakEcQ4,动力,0,,动力
HEORumQAIFNMzDd5,价格,0,,空调
gpHn7KrjRx4Di3LG,动力,0,,空调
7RWHqS9pfuaFsxM3,价格,0,,空调
pgUqmf15zBdHi4Et,动力,0,,空调
CkpXzGLZSt6YiRJ3,安全性,0,,空调
c24Lb3hwHmUN6xFu,操控,0,,空调
PAZY0lb9LHWEVGfJ,舒适性,0,,空调
hVKzEGBZYareFNQx,动力,0,,空调
xipCKcrkQZHUS2W5,动力,0,,空调
on3Flj4VIavWHbCX,动力,0,,空调
pXEC2P7BzGYmUxiy,动力,0,,内饰
EWYyMFKH31x5GleP,动力,0,,内饰
uk17vcMZBn62Nhie,动力,0,,内饰
NQZHaLmIEezTJ4RM,动力,0,,内饰
co5nyPfVM90BZkDA,动力,0,,内饰
u9cyYrfEjDaT84UH,动力,0,,内饰
gJBbLW7NHT8iOnpx,安全性,0,,噪音
jZRuDrH5O2XG16Ac,舒适性,0,,后排
jZRuDrH5O2XG16Ac,动力,0,,后排
flA3kPNCHaVpheZo,动力,0,,噪音
Ktq3p75AxoNGWCwn,舒适性,0,,内饰
GsF02l9KgVvqJhn6,舒适性,0,,内饰
otQSEuPxej9lZnRI,舒适性,0,,内饰
nO5xei9AWYfENbR4,安全性,0,,内饰
CLvyj8XoId23B9nH,价格,0,,内饰
tPHVDaFl6JZX3QOT,空间,0,,内饰
l4GZ17PmtNV925Ti,舒适性,0,,内饰
6GjoJk7wyDZVFQ3C,内饰,-1,,内饰
6GjoJk7wyDZVFQ3C,空间,1,,内饰
bnJs8fFTetghcwOu,舒适性,0,,内饰
bnJs8fFTetghcwOu,动力,0,,内饰
oxfEewZ2OpLTQHCk,内饰,0,,内饰
oxfEewZ2OpLTQHCk,空间,0,,内饰
rMGqhFUk2caWpL07,内饰,0,,内饰
4aUn8IJ1to3uCeT6,舒适性,0,,不用
khucIwyDv2Jir5LF,安全性,0,,座椅
3jSw0GWRJQ9BXoyt,舒适性,0,,座椅
9MZEmklAn4bBRHwc,安全性,0,,不用
A3fB0LW9sSgyZx8e,内饰,0,,座椅
A3fB0LW9sSgyZx8e,空间,0,,座椅
5vHgNbhRuU7IEK0W,配置,0,,不用
0gTQCnKUoP9zv5mS,动力,0,,不用
YdwaSTE8ltUiZHDM,油耗,0,,座椅
ov2mM3EU7uH9A65Q,舒适性,0,,座椅
HwhtEmxKsTj1aCIP,动力,0,,不用
h6TQ97vDpJG3kHoS,动力,0,,
cVlv8HZPjB6m4y75,空间,1,,
4WOkTuMarEPw5fo7,操控,0,,
4WOkTuMarEPw5fo7,舒适性,0,,
XcTm3FlvduPys08h,动力,0,,
kjXVLom64WiMuQwK,动力,0,,
e2ATqS3JlL7ob1zy,油耗,0,,
SodBsCOQX81g9npP,价格,0,,
BcEzqdb6HlyGae17,价格,0,,
nPKxqrigWs2zo3AB,舒适性,0,,
nPKxqrigWs2zo3AB,动力,0,,
oPmtKcq25v7i1WBL,动力,0,,
BtKIWmdH0Zlk6jNX,安全性,0,,
DWCAvrcNBPwxZFpI,动力,0,,
BxtTSEmRsLWMFvI5,安全性,0,,
cWPZhVkyJmlqIxpK,配置,0,,
7CHjv8VgkXozbhEa,动力,0,,
x3cetT4bV1iw5EDR,舒适性,0,,
Evg7IudDBGn42btA,价格,0,,
Evg7IudDBGn42btA,舒适性,0,,
iqfN9xbm4kestrQn,价格,0,,
iqfN9xbm4kestrQn,空间,0,,
oWMCgrBjRVFU0mKN,空间,0,,
gC1Viv9aXJSpjnRU,价格,0,,
gC1Viv9aXJSpjnRU,动力,0,,
esnKxNyH6YRCvplI,油耗,0,,刹车
XJRznHOEuCaLZ3Vy,舒适性,0,,刹车
NvQXnEqaGgiZcRzh,油耗,0,,刹车
RP7kyNVaSbjedXzn,操控,0,,刹车
2P7XFg6CqrktpmTo,动力,0,,刹车
RBY2ermiwKvUZu3J,动力,0,,刹车
bxH8MZCi09LpoRNQ,动力,0,,刹车
dbY6SqBE9UiItGka,动力,0,,刹车
GSkEx7rjYUKCvPB0,动力,0,,刹车
2mpYHKbezMT4aRD1,价格,0,,刹车
zQ9gsJmFyPX64YMA,动力,0,,刹车
9dEcZPq2Vb0rfupR,动力,0,,刹车
kP3rhzZJTtsldbUR,价格,0,,刹车
kP3rhzZJTtsldbUR,动力,0,,刹车
aR76ShpmzdBZiFt9,动力,0,,刹车
gEiv0n4qTj1MPUuF,价格,0,,刹车
5lFRLkuUODQ6wJES,舒适性,0,,刹车
JgOyYlvReIxEoCGU,动力,0,,刹车
vZJH7btSIYN6jkXC,价格,0,,刹车
vZJH7btSIYN6jkXC,动力,0,,刹车
FjfwQc9OmzDuVA0p,内饰,0,,刹车
FjfwQc9OmzDuVA0p,操控,0,,刹车
NvnHL1P70qZxFfbr,舒适性,0,,刹车
NvnHL1P70qZxFfbr,动力,0,,刹车
PIa7mWRdnD4Y1SAt,操控,0,,确实
JUISr7g514Y8VEoj,价格,0,,确实
yC3afKYxGScuBvmE,动力,0,,确实
23dl14boAyWkLuOr,动力,0,,刹车
wutzFdCyRmBVZUPf,操控,0,,确实
nEV4Xq8QmFIWDsSf,价格,0,,刹车
XdaQmi2cAYqHENIx,油耗,0,,确实
sa0dj6BixK8QJOpb,动力,0,,确实
plOukMgewSH5dDXU,油耗,0,,确实
C3XZHxoPsjNYBdun,操控,1,,刹车
zDwITtMRVu10sqey,油耗,0,,刹车油
wpEQ0ZFLoJtVBiN5,操控,0,,
tNGBT56AL3kcJy1g,动力,0,,刹车油
HmYrcn0IFNevJ7kK,配置,0,,刹车油
HmYrcn0IFNevJ7kK,安全性,0,,刹车油
juCpqT3UcFW1o06G,动力,0,,
qi9FRgkn70yJhV8d,价格,0,,刹车油
qi9FRgkn70yJhV8d,操控,1,,刹车油
NjgqTBvlH68mWId2,舒适性,0,,
FnxNHYEG7VKrLpjO,价格,0,,
FolwpA0yfQLrZEiH,动力,0,,刹车油
C0iG5Nud48OmX2Pk,价格,0,,刹车油
DamKXCFiZHT37BGO,动力,0,,测试
RjfU4HnaO0KSzlpC,价格,0,,测试
E3NbgOkJ9tlinSDp,动力,0,,测试
C1jK43ImNPsUTYuf,内饰,0,,刹车油
m4Ps7aIlUHdNQ96D,价格,0,,
m4Ps7aIlUHdNQ96D,动力,0,,
WaPyGLwQE0izcMd1,价格,0,,刹车油
uHMWwOS43IQ0fK96,油耗,0,,
FHdO4pZhf95D8bzi,价格,0,,测试
T6UWGk0OZmbgE9xL,动力,0,,刹车油
gn3HYMKi4GkDQT0U,外观,0,,刹车油
QLfuikY4NcvKZjW6,油耗,0,,情况
9OS84ZmRFWL6nu17,价格,0,,刹车
pgfSJHQPcouasvLX,动力,0,,刹车
i8yeJ1PhSDWQntf6,操控,0,,刹车
u6GAPLMJ0Z17jpcK,油耗,0,,刹车
iPvq0uXhLj4zp6V1,价格,0,,刹车
6veUACrcbaDWgSPq,动力,0,,情况
wIhbC0s3jmGKW8at,动力,0,,情况
2WAtqCpk3EHsYNLG,价格,0,,刹车
qSoKXCQmPf6v3aEA,油耗,0,,情况
FZmN0vrUKYuVsDtl,油耗,0,,刹车盘
LaG0oqHdbXiuc567,油耗,0,,刹车片
LaG0oqHdbXiuc567,舒适性,0,,刹车片
CTatqAVoBvLW4GbM,内饰,1,,刹车片
CTatqAVoBvLW4GbM,操控,1,,刹车片
Lxkirv1mpWqPR4SD,操控,0,,刹车片
Lxkirv1mpWqPR4SD,油耗,0,,刹车片
Ia2LrtOkdXybueES,油耗,0,,
MvTeRyIP3bDq89Za,油耗,0,,刹车片
ECRjsnbiIY74PpDO,价格,0,,刹车片
5vIQZ276cW9nhlUs,动力,0,,
AzyW4NBUETH7vbgP,操控,0,,刹车片
YzigLBmP9naDrOkd,安全性,1,,刹车片
YzigLBmP9naDrOkd,操控,1,,刹车片
MLKIN0SUHq5v8zYW,操控,0,,全时
gt9voj04c3eQlOHs,配置,0,,全时
wDxEtaUH3zLoPAI2,动力,0,,电动
OBd3i7fxTRQSL81h,价格,0,,全时
cD9s48BbWiwykgU3,价格,0,,全时
cD9s48BbWiwykgU3,安全性,0,,全时
4IONEgTitCLGye9Z,价格,0,,全时
OSwysxEp1KTU4ZGV,动力,0,,全时
KY8LH4SCnWqD5d7j,价格,0,,全时
KY8LH4SCnWqD5d7j,油耗,0,,全时
meNdXs32PROBrfkH,油耗,0,,全时
meNdXs32PROBrfkH,舒适性,0,,全时
k05bFn6OEedjq9vH,价格,0,,全时
YUkilVqunSyWdFAJ,配置,0,,性能
nmldu0FiyIZS9Tj3,价格,0,,性能
Evce8rR6PZIXdsyF,油耗,0,,性能
JQacu8hBCoZjdsPX,动力,0,,性能
o5G7A3ZwMImPHbnL,油耗,0,,城市
xjSBDmyXaifbcCKA,价格,0,,性能
WL6HsMEi3kNXjbwQ,价格,0,,城市
WL6HsMEi3kNXjbwQ,油耗,0,,城市
6hfTwBpMCeHUqbux,动力,0,,性能
dXJM8HgpAFsGOnWU,内饰,1,,性能
87qamroLVRjO2T5B,操控,0,,性能
Yry8UHfBKa0jsEJD,价格,0,,价位
Yry8UHfBKa0jsEJD,油耗,0,,价位
FVsOCzBcxbwJh2T8,价格,0,,全时
mjA8z56SRBw1nhp7,动力,0,,全时
aERCNQcw9WPjtSTb,动力,0,,全时
zOgYypuoj3DnHqdK,安全性,0,,全时
7el5K1ChiVGLaDyJ,操控,1,,全时
kb4dKYRZEAnFToIQ,油耗,0,,全时
iVy9LYUc8HeQ0sdF,价格,0,,全时
UAecLQb5yPFEoSuj,价格,0,,全时
yYc8UX9WwPen0FbI,油耗,0,,全时
6BaeLJtDuKXYQgb7,油耗,0,,机油
wB1jPZH8753R4lJk,价格,0,,发动机
wB1jPZH8753R4lJk,外观,0,,发动机
p9uHKcz3FYlBmieC,动力,0,,发动机
fRC3VjrYoL2OFZNz,操控,0,,机油
fRC3VjrYoL2OFZNz,动力,0,,机油
X7lts6RbF4eO2LhN,价格,0,,发动机
3W9IVfP4BuTlv6Fa,外观,0,,发动机
gAvGSLtTWClK360I,动力,0,,机油
FXbmRq815WQnuSeO,舒适性,0,,发动机
lT1uLWgaswAOUjdk,舒适性,0,,机油
JuzNxctnG7QbFKso,价格,0,,发动机
m6FcX2ICDUNGRqnw,价格,0,,机油
9IGP8J5XtxWnjBlo,舒适性,0,,机油
Sv7PqgH5IRpQst3W,价格,0,,机油
bEKPlxQCA4pcwHNU,动力,0,,机油
KYyblSApEOBWR0eL,外观,0,,机油
faUv4IeOMgAJD7NE,油耗,0,,机油
bj6H0Og3DuUkYyim,舒适性,0,,机油
09hwsk7P5cvaVKXg,舒适性,0,,机油
pLKVyHlB9n6Yr4XC,配置,0,,机油
pLKVyHlB9n6Yr4XC,操控,1,,机油
TZORfDtCeIb9KJwE,油耗,0,,机油
KAGgiNr3WmDIoyeJ,价格,0,,机油
vD9VeG2iBSbuR4FY,动力,0,,机油
lZdp0QNELeyfo8Di,操控,0,,机油
FaoyPdLRkElUgb15,操控,0,,机油
KEOIiakFoBJr2dRp,动力,0,,机油
6e4AszdSm1Bwy5MV,动力,0,,机油
mebpq27hozx0Hv4a,价格,0,,机油
6yzHFPa2VT09plQj,价格,0,,机油
KvLw6eoZ4FjzdYIN,舒适性,0,,机油
KvLw6eoZ4FjzdYIN,动力,0,,机油
O9lkmGTDUgPqoF4i,操控,0,,机油
sentDHB4yQAGR5qd,舒适性,0,,机油
sentDHB4yQAGR5qd,动力,0,,机油
9v7qXWnwuIgKDBER,动力,0,,机油
b6KteS4iBquJc0FW,内饰,1,,机油
Uin59f1Ar6ELcmZu,油耗,0,,机油
MR0mcoHQrWXFqJAU,价格,0,,机油
QvF7YN3B0UdfjpLT,油耗,0,,机油
w587hbgUGyIAJCcF,空间,0,,机油
UPKih1JczNOf3YdR,动力,0,,机油
qRO9TKYzdVfuFtvw,油耗,0,,机油
XVWc7EHDPM3BNhqi,安全性,0,,机油
XVWc7EHDPM3BNhqi,操控,0,,机油
XVWc7EHDPM3BNhqi,舒适性,0,,机油
pXrRtj4S6EHLeuGJ,油耗,0,,机油
pXrRtj4S6EHLeuGJ,动力,0,,机油
OoMbuNVpZ6IUhXLC,配置,0,,机油
nu5x4Ke1zQvAWrLw,舒适性,0,,机油
nu5x4Ke1zQvAWrLw,动力,0,,机油
9ldhWyQnDV3Bpr4J,外观,0,,机油
g0fZRwv1tWXLloUr,动力,0,,机油
g3b9aYo1wISymRn8,操控,0,,机油
g3b9aYo1wISymRn8,动力,0,,机油
SDzAtskNR2rebiu3,动力,0,,机油
IdusAw5VFOpLztJ4,配置,0,,机油
LAxDmybokc5IijXh,操控,0,,机油
EDjrVy06wW1QKsCn,价格,0,,机油
EDjrVy06wW1QKsCn,外观,0,,机油
OxIomfCngcuTyaEG,动力,0,,机油
z8GLtQDSY7ewo2Rx,油耗,0,,机油
zfY1mTl6IdCeN5oW,动力,0,,机油
Ws8FLlqgJdvjmpkf,动力,0,,机油
qprZFwPWEnxV7mUQ,安全性,0,,机油
qprZFwPWEnxV7mUQ,操控,0,,机油
qprZFwPWEnxV7mUQ,舒适性,0,,机油
CYXkDtqioJyxbGHZ,价格,0,,机油
yYz7M2WaHrZgXhuc,价格,0,,机油
IoC4kMGmBzZLvabl,内饰,0,,机油
qNCMRgG1xvrysUTL,动力,0,,机油
gCVavlsY0mF25dzR,价格,0,,机油
GflobpT9ijXwOdUe,外观,0,,机油
cSMj9dkghvyolA8E,动力,0,,机油
ZXJDu2QoKyFcantL,价格,0,,机油
1BwODEj0vsXiWGTP,内饰,0,,机油
usM75JBUIWXqh81Z,操控,0,,机油
usM75JBUIWXqh81Z,动力,0,,机油
ansHJQfY3d9RANEc,动力,0,,机油
5ORFufGL1gJqPXcb,油耗,0,,机油
uj70WQBqvYT6wo9R,空间,0,,机油
BnYHIo1OSfQNDwKE,动力,0,,机油
WmHgCXdOIslED5NQ,价格,0,,机油
rIka0x2W9MlpPw6V,配置,0,,估计
BNtFyKUzcO4P9SVe,舒适性,0,,机油
H2isRZMPX9C5bxkF,油耗,0,,16
ELdjWvrgNzpR5shX,动力,0,,机油
DSPzKeLH0uhMtqbj,动力,0,,16
kH1Uj3GozYiqpt2E,油耗,0,,机油
drjKsNTnk4mWUP8t,配置,0,,机油
iqkfESIHX5hjN1B0,价格,0,,机油
7fe5siYPBWZADda8,动力,0,,机油
f6as9xEbvIQi75WS,油耗,0,,机油
21BHMtZ3lbmzvYWI,动力,0,,机油
2vSQnRuZdGO1MFUi,价格,0,,机油
utZCnePpvXOERx5L,价格,0,,机油
J604wB2pgGfuDicQ,配置,0,,机油
vgkYQtw06TsAENDU,动力,0,,机油
7OBdlZ6YKp95SVGH,舒适性,0,,机油
Qykdt2N3oGAhrgOb,配置,0,,机油
Qykdt2N3oGAhrgOb,动力,0,,机油
DV9qcNmIg8O1vFHY,价格,0,,机油
jBqdNvYz46f9SiUA,价格,0,,机油
CiKS6BEcV9txNe8F,价格,0,,机油
SNZAupTeyE8f3DOa,内饰,0,,机油
aWVobSZ95j2gydMQ,价格,0,,机油
cXPlC8xS9NBoZmvI,价格,1,,机油
HPR0bSL3CZhuXiNF,价格,0,,机油
92GLtM6NPu0CQlbq,价格,0,,机油
92GLtM6NPu0CQlbq,配置,0,,机油
92GLtM6NPu0CQlbq,安全性,0,,机油
AdicesC0Y81JQSt5,舒适性,0,,机油
AdicesC0Y81JQSt5,动力,0,,机油
d9Yo1whB5EkNLPJZ,动力,0,,机油
u6Y8DSB7nZWlgJNv,价格,0,,机油
TcW1r3peXbjy7mEd,价格,0,,机油
TcW1r3peXbjy7mEd,动力,0,,机油
jFysDmnNYI1RK9A5,配置,0,,机油
jFysDmnNYI1RK9A5,操控,0,,机油
uzHYh189ySlcvQtL,配置,0,,机油
uzHYh189ySlcvQtL,操控,0,,机油
MdDwt4EsZpWoHKg7,动力,0,,机油
t6nfBVjDOw9vxmqr,价格,0,,机油
7vM2TIJH9Qbe5qcN,价格,0,,机油
7vM2TIJH9Qbe5qcN,空间,1,,机油
ElD4L916Kqu3foVT,舒适性,0,,机油
H6rOgMiWeovFyYQD,舒适性,0,,机油
X9tW1vklqjHU20yp,价格,0,,机油
ZMD2lEGc1F5uvbKY,操控,1,,机油
bvYTCJoyWRrFdIOe,内饰,0,,机油
bvYTCJoyWRrFdIOe,配置,0,,机油
M2CRIPTD9b5Gcmds,空间,0,,机油
4E9Ahb80ecm1LMUQ,价格,0,,机油
wDhOp9q0JeCAod2G,价格,0,,机油
W67mPuqewJ9aMc5b,安全性,0,,机油
W67mPuqewJ9aMc5b,舒适性,0,,机油
h8s3jBtw1NgiF6DI,价格,0,,机油
nmVxt4Tyv9CJW7ag,外观,0,,机油
1aYrZnCMKBoX3s4E,外观,0,,机油
7ieCQ419O6jBvbWk,安全性,0,,机油
lMSvUoJmbs5aOAr4,配置,0,,机油
bV7YdEhL4BQaCprz,舒适性,0,,机油
BevXWnqDitsjJQhY,油耗,0,,机油
8tWqrNif2d1vn3yc,价格,0,,机油
jH26yO7biuw3Vgk4,油耗,0,,机油
fJdn62OWukaoe4mM,动力,0,,16
W2LdbRay0vZTi5Pz,动力,0,,机油
oLOFZx6IuyH9CAEB,油耗,0,,16
S9nuf83qIRJ0C16c,价格,0,,机油
Kj9XGruNPEwWDRiT,动力,0,,机油
X5fKCPbQla9MGyO6,配置,0,,机油
LzMP3x6NiRIhn1J4,配置,0,,机油
qjNEdkwbV26fczBn,油耗,0,,机油
EFGwePH45xyBWUcb,动力,0,,发动机
Bf2kUCiYsx8zVuKZ,价格,0,,发动机
zCKD3i8kc2svrQSW,动力,0,,发动机
UbCTsEBa7D4loFLf,动力,0,,发动机
96lEufPqmH10BpoO,动力,0,,发动机
UuaVhwncR36Aoqkd,舒适性,0,,发动机
pQmLUbXGln3RJjxE,动力,0,,发动机
lByQnzOS3A7f0ZPu,油耗,0,,发动机
Qs2XdNyZezG5qDm0,油耗,0,,发动机
Qs2XdNyZezG5qDm0,动力,0,,发动机
oAMV9ZCFlh5IizHD,动力,0,,发动机
cKxH2Pd8M3JQD7ja,动力,0,,配件
fVTD5JUWYQe3R2w9,动力,0,,发动机
TF1dEg2cpsnyC9N8,价格,0,,发动机
yiRPIe8JqXH2opuB,油耗,0,,变速箱
7Trbp0cZ4wfnJdxj,安全性,0,,发动机
ypgtWM4Ks3ZR2BdN,价格,0,,发动机
BC5xyqD04oWeYRbl,安全性,0,,发动机
pJUOMHKviuEI4bSG,舒适性,0,,发动机
5cq2rLbojOuFiMZS,舒适性,0,,发动机
5cq2rLbojOuFiMZS,动力,0,,发动机
RCEkxf7X04bpOIwa,内饰,0,,发动机
tfIs4yCeYoFlBP3K,配置,0,,变速箱
7n31fAPQvzuZDE9q,油耗,0,,变速箱
UPAlpjdvTWcIXMVt,配置,0,,变速箱
CzcmFPdZspvxhn15,舒适性,0,,变速箱
CzcmFPdZspvxhn15,动力,0,,变速箱
4NjVBL3t7FWqgPJX,动力,0,,变速箱
K1T0Cn5cNdOzEbpm,操控,0,,变速箱
K1T0Cn5cNdOzEbpm,动力,0,,变速箱
iW9kR0Uf7h1ENxKa,舒适性,0,,变速箱
iW9kR0Uf7h1ENxKa,动力,0,,变速箱
dVpfHBG9yDblOAE4,动力,0,,变速箱
I5yzgdLlFQDfnRpC,价格,0,,变速箱
I5yzgdLlFQDfnRpC,内饰,1,,变速箱
X8JCHV1snwA9LpES,舒适性,0,,变速箱
X8JCHV1snwA9LpES,动力,0,,变速箱
HsIpqzCDF5cA39PZ,油耗,0,,不用
QstBTHJ6o7UXY9vy,价格,0,,不用
rjDtVbpdoYgfmnTQ,油耗,0,,不用
nZ56RpHemMzEYCVd,价格,0,,不用
zalAOVtiG1Upe8Jk,空间,0,,不用
8SLQhgEHsDZiY0G3,舒适性,0,,不用
8SLQhgEHsDZiY0G3,动力,0,,不用
JcbGvKkp0oIltRCA,油耗,0,,加速
tKvrRDxVkGFci1WC,动力,0,,不用
Qi3VU1KWJEP8egYC,价格,0,,不用
r4ph3Ad7ukP8nJRT,油耗,0,,加速
r4ph3Ad7ukP8nJRT,动力,0,,加速
9yHswJVzLYWBv7DF,动力,0,,20
jlJM5YCSrXygxOpD,安全性,0,,20
rbjBk0wUl2FKa4hi,操控,0,,20
hS3dVHQLOcKrPkBy,安全性,0,,加速
eFzO9ogbIJZ3EwYR,配置,0,,20
Jz6Vt38OHGymb9M2,舒适性,0,,加速
Jz6Vt38OHGymb9M2,动力,0,,加速
VqT6oaI7dRkEsvJh,操控,1,,20
VqT6oaI7dRkEsvJh,动力,0,,20
qy54altSUH6NnjzI,油耗,0,,加速
uQRGFCrTxONUekwd,操控,0,,加速
uQRGFCrTxONUekwd,舒适性,0,,加速
xbHDrupSlPEoGLQ1,操控,1,,加速
L9tO1jeGMzmZUx0J,动力,0,,加速
gyXcsSC2eHJ0GdTo,外观,0,,加速
UzlawP67YSAO1HWD,配置,0,,速度
JQ6CTFYDoSihxXWr,配置,0,,加速
LdSU9FJKYkja2pwn,内饰,0,,速度
rC9gjVLbJeKUt8Zv,配置,0,,速度
hTmRLDS3H610WEGJ,动力,0,,加速
LobyXDu3GfzvTO6i,配置,0,,加速
LobyXDu3GfzvTO6i,空间,1,,加速
Sow4k2ylRDgvFm3f,价格,0,,速度
dTsLzOxYeA8yNCBh,价格,0,,加速
Zz9IUVhrQgJqeGv7,动力,0,,空间
YSeEn5CvJ1FkgoQh,安全性,0,,空间
ZVTLb5YBRHwAs4qh,油耗,0,,空间
6jce4mRanQMGoE9b,油耗,0,,空间
dEQ2H6yVaAh7P5j8,外观,0,,空间
eiR0Iy3lLo8JEYgd,动力,0,,空间
S1hHF3MijXWIbzwt,操控,1,,空间
6i0Rzsv4pVEHkXM9,价格,0,,空间
VJuCFZrUz5RapBgX,油耗,0,,空间
XKjTBw5OP89DQLvF,安全性,0,,空间
hScziZFfO71Gb02l,操控,1,,很大
hScziZFfO71Gb02l,动力,0,,很大
KYaEbkqyUBA4Dtou,配置,0,,异响
wGXiACrD3ymLkBR0,安全性,0,,异响
6OdjnoPyKUQaDv31,价格,0,,效果
xfLZk8MAbU6OQYVp,油耗,0,,异响
f0nyPXhJAbr3ZxVD,动力,0,,异响
Wguopj3ZQzSH6Bx9,动力,0,,很大
EYSxnr1eUpbQwLuA,动力,0,,后备箱
7ADnOoqHVgKSbLuR,舒适性,0,,异响
1yjVZfueAY5JPlhK,内饰,0,,异响
SVDsGBzTyR7geUJZ,动力,0,,颜色
i24bgYQmtysxEKz9,动力,0,,颜色
uNQz1OtKm2qviDR6,动力,0,,
Gi3vb2Ha0zCoTk75,操控,1,,
kvluCRfjq3GIhLaH,配置,0,,颜色
kvluCRfjq3GIhLaH,操控,0,,颜色
QPt1bTO5yKpD8Hx6,动力,0,,耐看
Z0SpD3Pvtoj6x1le,油耗,0,,
KsAywUF0QmbhYG7j,内饰,0,,颜色
KsAywUF0QmbhYG7j,空间,0,,颜色
bEf1ZICFYTW97Lr6,空间,0,,银色
IUOaATJujgxtLpsw,内饰,-1,,颜色
IUOaATJujgxtLpsw,油耗,0,,颜色
ocn2sERkmjqQXu4a,动力,0,,手刹
SrzCwMmb23Uf7PKg,动力,0,,手刹
PSZohVxMmTkD821t,动力,0,,手刹
QKl2ZEa7RoO1D5gx,动力,0,,手刹
MdWhZP1Uj4xYNL5b,安全性,0,,手刹
MdWhZP1Uj4xYNL5b,动力,0,,手刹
2u0Jcw8TEns6KlQp,油耗,0,,手刹
uziQ92KcdPaOLAjw,外观,0,,
uziQ92KcdPaOLAjw,空间,0,,
UR7s1tVcHXWNTZhy,安全性,0,,手刹
UR7s1tVcHXWNTZhy,操控,0,,手刹
PkoMaELQGUmgFwT4,配置,0,,手刹
aExKDj9fJ3uMWRAh,动力,0,,手刹
mvkRl7asobxzLMyG,动力,0,,性价比
OP3A1vDpTWIV4QR5,空间,0,,性价比
fl2Goc9ZTbimrqgY,动力,0,,性价比
TfQUE3IXugtVsHFN,空间,0,,性价比
TfQUE3IXugtVsHFN,动力,0,,性价比
SNJBxVqDgp9vAKTr,价格,0,,性价比
SNJBxVqDgp9vAKTr,操控,1,,性价比
sgIYzSvnFhjBVPmN,动力,0,,性价比
qRL2WfeDsHiExTJV,动力,0,,性价比
EZmH5rdOcFoyK2UG,动力,0,,性价比
ilVBrAke3EZMUyPt,安全性,0,,性价比
R9X0n8kExU7IDWC4,外观,0,,性价比
WxEeKpSHrmBI7Clj,动力,0,,车身
JeE3SgAtsuXwRzW8,动力,0,,车身
snz2FbtveQmiBkSw,动力,0,,车身
rYhGEQicpHP8tZj2,动力,0,,车身
znAvgJaTW4M0BfmG,动力,0,,车身
D925FbmgOYIfyoAv,动力,0,,车身
YmJvLaRo2IEViHA9,舒适性,0,,车身
YmJvLaRo2IEViHA9,动力,0,,车身
4yL7D9NefqodO8FB,动力,0,,车身
J0bUnY4IPvZ1oaCt,动力,0,,车身
p2DgM5uoHAT9XPki,操控,1,,车身
aU5RcOCxXFNZ3tvJ,操控,1,,
zlWsZHG3KjfiUSDb,动力,0,,
3Cw8jkALXivOMqfx,动力,0,,
wRzlYSopnT8tHMmP,外观,0,,
T1UXBuIpaJxt2Rkh,油耗,0,,
UdaiYykEnSQ4txcL,操控,0,,
UdaiYykEnSQ4txcL,动力,0,,
WYy2vQpGH3eAhtrz,油耗,0,,
9fqL8bdKWXJcThNu,油耗,0,,
4oye1CWiz3OBaKTl,动力,0,,
lC9WBmsbinDwXrPe,操控,0,,
QrHi1I9AM75BdZcu,空间,1,,长途
f9xNeIHwOLTAls2W,油耗,0,,长途
gzYnU9GOx2B3TFla,价格,0,,长途
s27vTZQLJUfh5mkA,价格,0,,长途
iUbCNmvynucYRj5X,价格,0,,
2UBZ7gjF0de9SRWc,价格,0,,长途
BOd0oJ6g1hTnkKuL,动力,0,,长途
RZmu9FkdT04Vpx85,动力,0,,长途
CB8xX6FdUeSJia1c,内饰,0,,长途
CB8xX6FdUeSJia1c,外观,0,,长途
JjiHAduZ3KN1vBmE,动力,0,,长途
cSAgX960KizLGv1e,价格,0,,
wKQIg3OYrmpie2nT,价格,0,,
ldP5hcgTAKWfBbGJ,动力,0,,
xUHl0LQJ9usiCwcV,操控,1,,
xUHl0LQJ9usiCwcV,空间,1,,
B4xdCgYTVyvurDUj,动力,0,,
ZltvGnA5m13WLTKg,动力,0,,
3p07am26KFC89NBM,油耗,0,,
EXSrYLdzcQvjyT74,油耗,0,,
m9clDQRHJEe7BVjd,油耗,0,,
K5J3VMGmEbHty2ZN,动力,0,,
4SNleaZoPbsivAJE,内饰,0,,
0lDiXVGqkezETMvb,油耗,0,,
0lDiXVGqkezETMvb,动力,0,,
H93sL4ngdmJGtARS,空间,1,,
BnCoOXjLN9GAduti,操控,1,,
4qUJbHaBIm5jXeuV,操控,1,,
xBDNvMtL8ZQbg4IU,舒适性,0,,
uA95avdpWL3YmUGf,外观,0,,
NeHxKWiUoZbQD9rl,价格,0,,
mxRIU03nkN7QSbKj,内饰,0,,
SW2KCuFyexEhYBVN,动力,0,,
U3QFHRfOXGTYw8Im,动力,0,,
tHD0xImBS5ZLh6nU,操控,0,,
tHD0xImBS5ZLh6nU,动力,0,,
LC9Fk6UJfY2157va,内饰,0,,
4Gu5FCl1ypm3MYjh,价格,0,,
4Gu5FCl1ypm3MYjh,内饰,1,,
4Gu5FCl1ypm3MYjh,外观,0,,
8pJX65eRkD7rd9cW,动力,0,,
kGBvJTFlncWIX10z,动力,0,,
zORsTibanUPKqA7h,安全性,0,,
zORsTibanUPKqA7h,舒适性,0,,
TmUA689Qhy3qnEVI,安全性,0,,
TmUA689Qhy3qnEVI,操控,0,,
FATNSQnbGueDtVOf,动力,0,,
xHGBLXJ46qubCzYA,舒适性,0,,
zy2ZLBUmdKwXcE3x,舒适性,0,,13
nJlaY3rVAPydU597,空间,0,,13
he7O3saXxQzl8MqH,安全性,0,,13
SDKT7uqyZBLV5cMt,价格,0,,13
UjvyLAzGgJIRDbla,舒适性,0,,13
b1UBLNhDWS7mQgJx,安全性,0,,13
JoXT2sebKRifZnN5,舒适性,0,,13
gKNIduqReyQ5SlGA,动力,0,,13
td5LqgfD2sWUjPTY,价格,0,,13
msfUBPLAMIHYVkKZ,安全性,0,,13
LkZGyAF8qdNfuQBt,舒适性,0,,原厂
rvsFY9xykTh4UR3P,动力,0,,原厂
iJj0sV7WDoPpxC3B,舒适性,0,,原厂
iJj0sV7WDoPpxC3B,动力,0,,原厂
fxc5HJd6vlU2n3wV,舒适性,0,,原厂
PL4QzxNe8wsGYd2t,动力,0,,原厂
nX561cF9aYChtfsA,动力,0,,原厂
fjtVdyKrDesmcGv5,空间,0,,原厂
DcgBNjtiLyvfmbwT,内饰,0,,原厂
hY4bE1WceJXvfxkM,舒适性,0,,原厂
bMZLdocNjy9zhtUV,价格,0,,原厂
bMZLdocNjy9zhtUV,舒适性,0,,原厂
bMZLdocNjy9zhtUV,动力,0,,原厂
HqdWmhoDNjFyMVBY,动力,0,,
dc6lm3E98HUX1BqT,油耗,0,,
Z4z0htmdXfHnEub9,安全性,0,,
6vaKfrw5bUSeOdDX,操控,1,,
we7MboXtYGQCuByK,舒适性,0,,
IBnweMx4ygGZObjJ,动力,0,,
fAjQZhGbsIdPxlN3,配置,0,,
5sC9Gq4L713vcpWt,动力,0,,
Y52oLvaXJ4NfTiHp,安全性,0,,
hkoHX79LspCBglwO,动力,0,,
29zOhgdxb5Ry3irG,舒适性,0,,方向盘
oEw5Vt6lpeX2Adg9,舒适性,0,,方向盘
I5AGQL3jOYwUkbte,价格,0,,方向盘
JZcztNaO7jxwLlYG,安全性,0,,方向盘
Jma4BfpWTSwk6x2U,油耗,0,,方向盘
zwP3YJrWTxNnv9F0,外观,0,,方向盘
cYPmsrJMOa4nlDou,操控,0,,超车
cYPmsrJMOa4nlDou,动力,0,,超车
ZqIDRvrB8fwCNXu9,内饰,0,,超车
fDUYhMEs9wBW1o3L,空间,0,,方向盘
kJ3zZl2fvH1sO5SQ,舒适性,0,,超车
kJ3zZl2fvH1sO5SQ,动力,0,,超车
bdqIDluG5kZ8yB0E,动力,0,,更好
hRdiWSO5TFyoEteD,内饰,0,,更好
trkwUxXBOTW8scKv,价格,0,,更好
NYcdrFwQitb953fo,动力,0,,更好
kXqR9l7vUaWsmrVT,安全性,0,,更好
MrigDFAYRsEfINkq,价格,0,,更好
CtOKSDwIzyrehEci,价格,0,,更好
YBVgolr0QpKSHtjM,油耗,0,,更好
3IXzVv7KpRC2tdQS,动力,0,,更好
oUS5x2RH6YKb9rOZ,油耗,0,,更好
i8hcmETg5CBa02Sj,油耗,0,,城市
5USD0pfeCldLT79m,动力,0,,城市
pt5BcYLVWrAXq0GO,配置,0,,城市
uRXVYHAPQ2c6xMCO,价格,0,,城市
056sXLUenx1pItMv,配置,0,,城市
LlYeGpEUvji8yc67,外观,0,,城市
3pjICsZE4KXyHYA8,价格,0,,城市
7XMHcBdeo0nKRNrE,舒适性,0,,城市
PRzBNSQ0WvlJXjcG,价格,0,,城市
cRefvwSOFjd2pMCl,价格,0,,城市
cRefvwSOFjd2pMCl,配置,0,,城市
0VapY68qAvofEUgt,价格,0,,动力
X3zZC0KfxVIMON5k,操控,1,,动力
X3zZC0KfxVIMON5k,空间,1,,动力
QHrK5zZkTX4wWude,舒适性,0,,动力
WNhHv91fmt6OaSp5,动力,0,,动力
Mgw1hyc7iC9AXGn5,外观,0,,动力
0FhVawIBEuy3rkZt,动力,0,,动力
kbBPiGVeguLMQn4c,舒适性,0,,动力
EWSFin1l7JCw0yOb,舒适性,0,,动力
KDk7SlN9q1BcFa2u,安全性,0,,动力
KDk7SlN9q1BcFa2u,油耗,0,,动力
R6XfcNGFio7Sq9VA,操控,0,,动力
4EUXhTtA5Il0DPGY,价格,0,,
pwiRFTLHz7r5JNWu,价格,0,,
SR6Q1IwTKUtVFb4p,油耗,0,,
QgBLtMbjoW5zqFwV,价格,0,,
PlcNETm3FtzryiJf,动力,0,,
N9h6FfCaZiQImWgE,价格,1,,
BFObiKUfX40r7uka,舒适性,0,,
BFObiKUfX40r7uka,动力,0,,
KgHo2XNmz59SLbPI,价格,0,,
BLpnDEK2MgYWqFhR,内饰,-1,,
BLpnDEK2MgYWqFhR,操控,0,,
mfvyRCK1dM4qtHBo,外观,0,,
S9bdvzojeuU1VILW,价格,0,,级别
hcapYTBox42WsSZI,外观,0,,不好
krfRF6zIw8uNjZhx,操控,0,,不好
SlMeUu5ivcAJqVX0,动力,0,,不好
MvwkAXbiFdxrq4U8,操控,1,,不好
lIZrYjg4U7aBOzwx,舒适性,0,,不好
NGyshKCTUfntF4E2,价格,0,,不好
4Kd9bsYSFvMipwWy,动力,0,,级别
9y47pHYWnBKmqSjb,油耗,0,,不好
0UFPpKZAuO58jTk1,油耗,0,,不好
DZLR0tNlrT1u4fjs,安全性,0,,
p8KlrEFaMN7kw49d,外观,0,,
tI35NaPYw98BOrWi,动力,0,,
OJAalMdiGVwc68Tk,内饰,0,,
OJAalMdiGVwc68Tk,空间,0,,
SNAizMQGUJCYBntZ,外观,0,,
7ie4ysZjXJ5VUDuM,内饰,0,,
7ie4ysZjXJ5VUDuM,操控,1,,
oXH1rCKNQeuSzRaF,动力,0,,
CIUjik9uDBxWScgt,配置,0,,
Bdw4SNHzOleoPqWj,操控,0,,
DHMPwZAtEV1mJXhT,舒适性,0,,
v3S6zNeBut2g75KJ,配置,0,,便宜
o7xQ3LOfbgdekw2a,舒适性,0,,做工
65t8T14jmI3BnKED,配置,0,,油耗
et5VZWzFxImKYRvj,安全性,0,,油耗
VDXmqcPTKF7dtenW,安全性,0,,操控
VDXmqcPTKF7dtenW,动力,0,,操控
10jN9LtICWPOEuhn,操控,0,,操控
10jN9LtICWPOEuhn,动力,0,,操控
uyRJHd68iBMel7cD,舒适性,0,,油耗
uyRJHd68iBMel7cD,动力,0,,油耗
XHMZeUz9uVfik7rA,动力,0,,操控
E4F8RcQVtDWxpUiC,动力,0,,油耗
G1tPfoMLxbkemFuZ,油耗,0,,油耗
Hki2n0YSZBA8hdpg,价格,0,,便宜
lZIUTWFehBJpPEkX,动力,0,,做工
KgqCX6eQjJl3TmPL,配置,0,,油耗
DJtXGd9TIj7oHZhi,动力,0,,油耗
CGHU6PwzZKXduLVI,操控,1,,操控
9BFHXUj4RpgNcY3r,舒适性,0,,操控
9BFHXUj4RpgNcY3r,动力,0,,操控
hutUELR95IlV0v2i,安全性,0,,油耗
ctUe4yWAIlrhO65L,操控,0,,操控
svpaOCbPeKwWtxud,舒适性,0,,油耗
D5M0H8WsjaVqOKSl,动力,0,,油耗
aqUdpHDzb3NFy0m9,舒适性,0,,刹车
CvMqpTIEmWroJfd3,油耗,0,,刹车
JXZdzFwTgAECRc2l,价格,0,,刹车
SQZWNRE3eVJkjPf7,价格,0,,刹车
2ie4Fb7PBfK8TH5Z,操控,1,,刹车
ORvSEao5Dd2JLYAl,配置,0,,刹车
kncumDHfKpPT8bAQ,动力,0,,刹车
2zF6AfHu5GoP0nSD,动力,0,,力狮
yWkSsMKfi7qExwbR,配置,0,,刹车
ElJts2TzVubrW8f1,配置,0,,刹车
3iJr9qLspWNb01ku,动力,0,,优惠
inNDaCQcu5W0xKSv,动力,0,,老款
yuMwv8A4I7NPOcJD,价格,0,,优惠
jTa6KoI1ymA2HekJ,价格,0,,老款
cJYGbOXIMWZxCw5U,价格,0,,优惠
QcaG9HgAwBmpuiZF,动力,0,,老款
2vQZt3cUpPxq1aFb,油耗,0,,优惠
geMLRpxqT4jAJC39,内饰,0,,老款
kfXRn2sNyMrh8m13,操控,0,,老款
TaxO205pDtulHG9i,价格,0,,老款
nlGLBRifpHU7KAFy,动力,0,,真心
1QDHtwCLTPKxBFyV,内饰,0,,真心
O107RbQH8FIEdJC3,舒适性,0,,速度
3dOu6RFEPH7UKp5w,价格,0,,速度
suwj4c13B68RZ2gF,安全性,0,,真心
inktdcsu69TOaKQ7,油耗,0,,速度
u7BZNFiE0cKdojl9,动力,0,,速度
kKxJLtQApVnogGl6,动力,0,,真心
eRQatbCxdZyqILE3,舒适性,0,,速度
b5aExqZsgelO2fvp,配置,0,,速度
MviKfxQgL6NkUGjc,配置,0,,油耗
ktRpUxV2XhMAsT3m,动力,0,,油耗
k2yucZ7QgNDK5Xo1,动力,0,,油耗
6RcohtkEwFMg3Zx5,价格,0,,油耗
UswApGFgzucCfJ6S,舒适性,0,,油耗
UswApGFgzucCfJ6S,动力,0,,油耗
ayLZMdpuOilGv6qF,价格,0,,油耗
G6spTavu8XbnNw41,动力,0,,油耗
fVaR2Yew87udU31W,配置,0,,油耗
xtAqpUcvazf6QDko,价格,0,,油耗
qB7YzNKymM4euFwL,动力,0,,油耗
yFujWkExlsQTwAYL,价格,0,,优惠
uj09ckHdrbI2gDXw,配置,0,,加装
nCeg1Kv7p0wfGz26,动力,0,,加装
ezdC0rVQ9ExoZ7OW,价格,0,,加装
iQTYVo8k1nDWMUws,内饰,0,,优惠
Nk2DL9OcyhegrEid,价格,0,,加装
Nk2DL9OcyhegrEid,动力,0,,加装
0dfh6vX5ZxrRSjqQ,操控,0,,优惠
0dfh6vX5ZxrRSjqQ,舒适性,0,,优惠
PYnqkagN7J9lGbX4,配置,0,,裸车
ESe8uGVpthw2qvAI,动力,0,,加装
m1BoNMzhsLte7EPY,油耗,0,,优惠
HzOjPbDW7snFfC5E,内饰,0,,16
HzOjPbDW7snFfC5E,舒适性,0,,16
bcSrvXnfwh9G1sCt,安全性,0,,油耗
bcSrvXnfwh9G1sCt,油耗,0,,油耗
EpyZeTaIXzUkuoSO,外观,0,,16
FD2kElsTogNZSdrU,操控,0,,下坡
Fgmsjr4pDh0l85Wc,动力,0,,16
mKeRHCFLgZSha3c4,舒适性,0,,油耗
mKeRHCFLgZSha3c4,动力,0,,油耗
k5yBDivefCIcsEno,舒适性,0,,油耗
Ys5j6pztVPMN9dyr,动力,0,,油耗
xORtcHMv5gy4UWJB,安全性,0,,油耗
rhD8GPSuysxOlYAa,舒适性,0,,油耗
j3ETD8hfvw6pmFot,操控,0,,动力
3BKOx5DzMaQsi0RZ,油耗,0,,动力
3BKOx5DzMaQsi0RZ,舒适性,0,,动力
vyUGsFeo1E3nmliL,油耗,0,,动力
GFqcbBlxWdEOZ98U,价格,0,,动力
GFqcbBlxWdEOZ98U,内饰,0,,动力
GFqcbBlxWdEOZ98U,外观,0,,动力
DtK5aQgf9OUnbHcd,油耗,0,,动力
DtK5aQgf9OUnbHcd,动力,0,,动力
6YOgDZisAcz4B8Kb,价格,0,,动力
6YOgDZisAcz4B8Kb,内饰,1,,动力
zsxQ34YguLhVKqWj,配置,0,,动力
LWm1dies9EY6FAIk,空间,0,,动力
cgSKMAwYqW4mj9LU,油耗,0,,动力
WJ3Vb5Cr4TEs6MDh,动力,0,,动力
fn6JCwyV52ExNoAB,内饰,0,,速度
vZoQtfNTVcDkr1RY,配置,0,,
jwxvW0p7E6XL81za,动力,0,,速度
7ivMHN4DnQCTzWPa,安全性,0,,速度
QPw1FAiOeSdZ9RHB,舒适性,0,,速度
QPw1FAiOeSdZ9RHB,动力,0,,速度
CGBhSb7nQLsJqOv8,油耗,0,,速度
9F5LEfqRIaBmOok6,操控,0,,速度
yKxYB9VuHscOGSAo,内饰,1,,速度
RfchnPL26rEYqU9d,价格,0,,速度
Np8JIeV0kgx6yHjU,外观,0,,速度
Np8JIeV0kgx6yHjU,操控,1,,速度
lusRDiW3pwaC1g6G,动力,0,,机油
o4BK31rvGf6JuDZO,舒适性,0,,机油
eEzqhWBtb4ZiPjyv,内饰,0,,机油
udoS4CNYz95EI3A2,空间,1,,机油
JhjbDXaK5oAVzUwN,价格,0,,机油
hQpxuaeL51if34Ss,价格,0,,机油
daBn0zAJuh76YxEf,操控,0,,机油
9Cc6IPenXxTmLAa1,配置,0,,机油
9Cc6IPenXxTmLAa1,安全性,0,,机油
9Cc6IPenXxTmLAa1,舒适性,0,,机油
AHW7mhYxMGg20oPK,安全性,0,,机油
fCygScVsndP3Zt15,安全性,0,,机油
cNQ96mvLJTPXU7qw,动力,0,,刹车
h6bvqfCNMaJ8p0QR,外观,0,,刹车
8HV3WIDK2JUZSbFC,价格,0,,刹车
flTo2WjaIkiuDqX8,配置,0,,刹车
przyuJL82c1GfBAv,价格,0,,刹车
YsgwXUIHZAQ0upVR,操控,1,,刹车
gMFNJCpZ5cGwH8Be,安全性,0,,刹车
FS5OiPvMQdKnjEBT,舒适性,0,,刹车
SKFUxA7dVENw1ot8,价格,0,,刹车
YUqfX2IuADLJwv5i,安全性,0,,刹车
Nn7xR5CtmZk3Bfuy,安全性,0,,动力
6uOk5U3st7ezNhbE,价格,0,,动力
OnaeE0m3Ho4hPBG9,动力,0,,动力
tEwq3kU6yNp4AHMj,价格,0,,动力
lgWB1GQPU2LtCbIO,价格,0,,动力
k3jfLWGU7ZvHeYgr,价格,0,,操控
64RkNdunL9TrUSQy,价格,0,,动力
6huJNeXjFqAyTPdQ,价格,0,,动力
u6jDlYH20VN5APBv,操控,0,,动力
u7B8htHDOLjzZAaQ,操控,1,,动力
RQnhPEt8q0BOlS46,配置,0,,原厂
RQnhPEt8q0BOlS46,操控,0,,原厂
Xrxp7HuBg2v4qk9O,操控,0,,导航
RhfXjuWbNzQPAmTx,操控,0,,导航
RhfXjuWbNzQPAmTx,舒适性,0,,导航
AlFy7t9IK3diRgbS,操控,0,,原厂
WMXYuq5lbzLDwjAg,操控,0,,加装
LO1jroyDJsquHRZ2,操控,0,,原厂
7b0pJw65YcICoUzZ,空间,1,,导航
RY2xvl4Mi1Tcabj8,油耗,0,,导航
fGRenlp71ZDuACEY,油耗,0,,原厂
G0aXfEIqVdRWvF9b,油耗,0,,原厂
iL0eoJjRnWKlU4av,油耗,0,,原厂
fzlgbMthU0dSijaQ,油耗,0,,原厂
Uasb549NBtoYWOhl,油耗,0,,原厂
06vJk25tLPqSAOp1,油耗,0,,原厂
rX2s9SykZHTugQKM,油耗,0,,原厂
1roZPfezp2xJIDGi,油耗,0,,原厂
fhVnqx2uEd0iHgG8,操控,0,,原厂
ZW4GqhOlFucQopNK,舒适性,0,,原厂
WAoE4nJTKuZglvmG,操控,0,,原厂
WAoE4nJTKuZglvmG,舒适性,0,,原厂
k8rL1RFvXEVwINMH,舒适性,0,,原厂
k8rL1RFvXEVwINMH,动力,0,,原厂
bhmRrF9xA5vSXt12,动力,0,,异响
jExKsDpTcQUOX1zt,动力,0,,异响
9yrUegdiBfSz5LPc,动力,0,,异响
uQInq3LADECzT24P,动力,0,,异响
JNm6xy8tE0gZivVL,动力,0,,异响
BDQtfKrop017dWn9,动力,0,,异响
TC8ux1tecBnbEfW4,动力,0,,异响
6RsAS4XJv9zxehOm,内饰,0,,异响
6RsAS4XJv9zxehOm,外观,0,,异响
6RsAS4XJv9zxehOm,操控,0,,异响
D5bSu7LOnQ4raJwE,空间,0,,异响
0avxYXt4Ld2TDHVq,外观,0,,异响
fE3mb7KTQvc1wFZC,内饰,-1,,底盘
fE3mb7KTQvc1wFZC,外观,0,,底盘
MewSZoag5Q8OxIVn,外观,0,,底盘
w3smqIt0CP5yJzSQ,舒适性,0,,异响
av18RgOi9q3zLJZB,价格,0,,底盘
ZMgQETI7HcXaJPnu,价格,0,,底盘
Rw5786gaXBCzGDNh,外观,0,,底盘
qcznsyljIK5gW13Z,外观,0,,异响
aIKU6pSFbg0jElD4,安全性,0,,底盘
U6Yb7JkXH4ud0prv,安全性,0,,异响
Ae9Bg7IqKYFuxJaR,安全性,0,,底盘
f8BTX1hPxIEVuAZD,安全性,0,,空间
PXrktuZ4oGTNdlyQ,安全性,0,,空间
Sn7ZzRoBaTVw1r2G,安全性,0,,空间
MzjC01Ov4KgrVnwl,安全性,0,,确实
MzjC01Ov4KgrVnwl,动力,0,,确实
ZzE8HB7INmuFSyl2,安全性,0,,空间
2F5v8I3ZRdiSVOlM,安全性,0,,空间
18cJkHiGPZd5xlvX,安全性,0,,确实
wKWzETpquPZSohLj,动力,0,,空间
UvXfePtpKwkRO1Jh,价格,0,,空间
8EP1GuYimLchgF9X,油耗,0,,空间
8EP1GuYimLchgF9X,动力,0,,空间
vkDGIoJ8TZNdw1B4,价格,0,,内饰
vkDGIoJ8TZNdw1B4,操控,1,,内饰
6b1yQrFJhdi2aZso,价格,0,,内饰
Ba2VwQMKHtrxGzpm,油耗,0,,内饰
Ba2VwQMKHtrxGzpm,动力,0,,内饰
km9lwKfsUGpFJnI1,配置,0,,内饰
kZIm8TSGPKgdCviX,配置,0,,内饰
kZIm8TSGPKgdCviX,舒适性,0,,内饰
3waoGs6DLeRjrxOB,配置,0,,内饰
bJIzTNc7Moiq8wp0,配置,0,,噪音
vkOJQm36qETLfI9n,安全性,0,,内饰
vkOJQm36qETLfI9n,舒适性,0,,内饰
riHy5UabPW0fMIAN,舒适性,0,,噪音
592wQPGZTWVgIei7,动力,0,,内饰
9d8lKywa3B0PfLM2,动力,0,,性价比
Pchj7VARe4gtmiOd,动力,0,,动力
xRIfryc1MG3nJOqQ,动力,0,,动力
RUEu2BIoVeTsdk1N,动力,0,,动力
uz5LxtaHWjPh2cEi,动力,0,,动力
EDo9aShzQUewruOP,动力,0,,动力
epNDnEtSY8FlLdqR,动力,0,,动力
yhWKJkC6RxTUtnYB,动力,0,,动力
RD2Pd4wIn0gGCZHo,动力,0,,动力
ByCalFw7j51e8ZTV,动力,0,,动力
gto9WmBOENS3cXKs,动力,0,,价格
7MN31h526WYAoHwL,动力,0,,价格
el5cAQvjZEYiJ1Vb,内饰,0,,价格
LPRsZi3tWXrguSVb,内饰,0,,汽车
LiayInCbKGNqjezh,内饰,0,,价格
Xtwd5mShPOoQClkK,内饰,0,,价格
vcnMRyBl89DjtUXo,动力,0,,价格
G06n5apCJTUyW7dh,价格,0,,价格
xITUtjneCiDaK4r0,价格,0,,价格
nGKN8ZPRX7bd9J0t,安全性,0,,价格
bkx98mnYLCe3WDzd,油耗,0,,动力
zqmsg8DSiG2lQLaR,外观,0,,动力
ZLeoOxCIiqjdPQSk,舒适性,0,,动力
HNRVAQPSUoX3ybeJ,空间,0,,动力
ajkbZcriRmB6otJ9,价格,0,,动力
LbDM2NeVnh9GPyUX,内饰,0,,动力
LbDM2NeVnh9GPyUX,外观,0,,动力
XEg72TBW9zhC8xAr,配置,0,,动力
GS7Fc8PWy3bzr94s,配置,0,,动力
k24K1ZcWOSYJ07Em,动力,0,,动力
0AghVaU3zovyfZK6,油耗,0,,动力
0AghVaU3zovyfZK6,舒适性,0,,动力
SnmaPubjOcvA9FBh,空间,0,,优惠
SnmaPubjOcvA9FBh,舒适性,0,,优惠
WNyUMEbpTzxGYm9e,舒适性,0,,优惠
JQyzMPEWYdbkue8N,动力,0,,优惠
0zvVXq62e1A9ib4W,操控,0,,优惠
bknrC4PKsLwvtMVl,价格,0,,优惠
yt0PCoFNfBsgSQlD,内饰,0,,优惠
UZt5DT9jcW6pJam4,内饰,0,,优惠
TH4XmfEMIBsUPGeq,安全性,0,,优惠
TH4XmfEMIBsUPGeq,舒适性,0,,优惠
TH4XmfEMIBsUPGeq,动力,0,,优惠
jNAMbnkW2GQhuedy,油耗,0,,优惠
jNAMbnkW2GQhuedy,动力,0,,优惠
9bjkmsRP2ZAeE461,空间,1,,优惠
7vEhqRNMyJf4bk2S,配置,0,,配置
e2maqIsDiCNpbUyX,价格,0,,配置
e2maqIsDiCNpbUyX,配置,0,,配置
xlCcQsGXBZd3hR91,价格,0,,配置
EfgDJMeVjAR2Oani,价格,0,,刹车
oHCUun6B7GvL8WlI,油耗,0,,配置
F1TNm6zR5YXK48fa,安全性,0,,刹车
F1TNm6zR5YXK48fa,动力,0,,刹车
Zp5XkQmVtjNS2Yfq,油耗,0,,刹车
pHshzjOT3MQB8ikg,动力,0,,配置
lTwuRqjUV0eOyCdc,价格,0,,刹车
lTwuRqjUV0eOyCdc,动力,0,,刹车
ZaeYwInl23uJVT4K,动力,0,,配置
YQi8OESrgCvjPT5J,配置,0,,价格
YQi8OESrgCvjPT5J,安全性,0,,价格
OvEuatQI8nlf5W4b,操控,1,,价格
4Nl2xiHZkwfqG5Lh,安全性,0,,价格
csV2lerGbWHDM7uC,内饰,0,,价格
csV2lerGbWHDM7uC,外观,0,,价格
7ljw0AnmIsEYyx6b,动力,0,,价格
lz8CZIvuepMjyT7A,配置,0,,价格
mwgUZtAKuYWskdy0,动力,0,,价格
ZFDQvjqLe042yWr8,配置,0,,价格
QtyfYMKHjFJhT7qb,配置,0,,价格
zu7TV3p9yI01fb2i,油耗,0,,价格
zu7TV3p9yI01fb2i,动力,0,,价格
cqbNCaWf31yOFk2z,动力,0,,好看
ZxIysR3VwmEXitzo,配置,0,,好看
tPWwM1QZlKn6dSjR,油耗,0,,好看
zGj9cIeZwxhBQR48,动力,0,,好看
xyVZbhWBMis964AY,动力,0,,好看
LzbmvwkG9uSTDH0j,动力,0,,好看
pH9qK1Mxse4GTkQR,外观,0,,好看
L1esR8dohQwbTaWD,动力,0,,好看
qxB0rLI4NpR6UQO2,动力,0,,好看
ntf9greFQdToRAvj,动力,0,,好看
KFpnvjzWT02gcIbw,配置,0,,内饰
O8u9KG1J6jVqRlS0,安全性,0,,内饰
yhwXVqQiSFe0KTGu,安全性,0,,内饰
7W4hb5ep8twNRC2G,操控,0,,内饰
DvYtjcm4UkObHZRJ,操控,0,,内饰
5nximF6XTzfJZa4A,价格,0,,内饰
Wr5lt8Xi0dVavhSe,动力,0,,空调
iEXebDTcawoA0BQM,安全性,0,,内饰
iEXebDTcawoA0BQM,操控,0,,内饰
iEXebDTcawoA0BQM,舒适性,0,,内饰
KF3paJVsftS0kL9z,操控,0,,空调
0Yj4uHZJSBzlD7ix,动力,0,,内饰
b4AXUmFtI69dREae,价格,0,,国内
lSQtCEDvrhdxG5LU,油耗,0,,国内
kGE5UO3MHwJFQ9Yf,价格,0,,庞大
fApirRuzwkNdanVH,内饰,0,,国内
ytglEGzINRCJ0rvL,舒适性,0,,庞大
n0zyhMV2qCcRT7sL,安全性,0,,国内
n0zyhMV2qCcRT7sL,操控,0,,国内
bM9TrsOKgASWcePR,动力,0,,国内
slUkXtKjbT2gqyZ0,空间,0,,国内
f0y2eka46dZWtm7n,油耗,0,,国内
JoXVZCrfDIj2YEHn,油耗,0,,国内
WDOtTbYw01FIpM3G,空间,0,,机油
WDOtTbYw01FIpM3G,舒适性,0,,机油
OsYUJZTx4c8SCW3I,动力,0,,动力
wFn3N9MApUeOdjHX,油耗,0,,动力
wFn3N9MApUeOdjHX,动力,0,,动力
hbjHsBtwcPqa0CJ3,价格,0,,机油
kewO9xHJuqIoA4jF,内饰,0,,动力
zCIjAPpcefManuRw,价格,0,,动力
sm0WEtJfjKlT3Oeo,动力,0,,机油
RCTHDFv6aKXA2WjI,油耗,0,,动力
qju7rk4scUKJ1gzY,操控,0,,机油
HB1syAbrheKnUwtC,外观,0,,机油
9mNiTQ81e5Yu3k24,操控,0,,导航
x82sm1ahFYI6jpqc,安全性,0,,原车
knmwaYgs7Er53DfI,安全性,0,,导航
aMFJAWuCiP3dQTOe,油耗,0,,导航
aMFJAWuCiP3dQTOe,动力,0,,导航
LofFZtYiRkwd6bpy,配置,0,,原车
uohVA2LclBpk3nxi,操控,0,,原车
A9KZib8pXfkQVgGW,油耗,0,,原车
VLHijeQoT7GZF6Yh,动力,0,,导航
sI6Bwh7P3OuHftLr,动力,0,,原车
iCSrZBo2maTWVYqA,动力,0,,导航
esqiA6b9u0cJEjS3,油耗,0,,导航
DWyohezJr0CQONqt,动力,0,,导航
YFsPnXeEVmh3LJRf,内饰,1,,导航
YFsPnXeEVmh3LJRf,外观,0,,导航
rytcHs5GMUWREKfj,内饰,1,,辅助
rytcHs5GMUWREKfj,外观,0,,辅助
Fq1kRMwxEa0rnJyh,操控,0,,导航
gHiD3zTUrPCd5FWs,价格,0,,导航
tusndCeJTcZWXl1M,操控,0,,导航
IBwacFpzU3vL15EJ,操控,0,,导航
IBwacFpzU3vL15EJ,空间,0,,导航
Y2C4dxzm9JLKywXu,价格,0,,导航
P4vcBzdLeQJ356nR,配置,0,,导航
jHrbay0T5MYIFcfC,安全性,0,,油耗
jHrbay0T5MYIFcfC,操控,0,,油耗
XJ3komsO4CZ0KFYr,舒适性,0,,油耗
XJ3komsO4CZ0KFYr,动力,0,,油耗
1wqRWndTe3Vh28gZ,动力,0,,油耗
atvMkpfeVu4Tlgrs,动力,0,,油耗
q0OhwytNBT3Pe4Rk,操控,0,,油耗
VoijeQ4huWkB0ZlL,价格,0,,油耗
WUQ0Mhu19dvPcsnG,操控,0,,油耗
yn5Yup943KleQIDg,安全性,0,,油耗
tqJge3EvVFUkxd05,安全性,0,,油耗
tqJge3EvVFUkxd05,操控,0,,油耗
wcopTmyzvU53ftqe,动力,0,,油耗
EVMhc9sRnktBZ2I3,动力,0,,导航
QWD8lycXxm3SKe4z,价格,0,,原车
C3eBiPdDrc7jagOt,配置,0,,导航
V35fhcb8qOw4uZBF,安全性,0,,导航
QhrgY6ZaNL4zjfJB,安全性,0,,原车
QhrgY6ZaNL4zjfJB,空间,1,,原车
0pJnq2mEzhHZ3Arv,油耗,0,,原车
BbjC5XQH4gaSZiYe,操控,0,,原车
oGzVQxeU1yStugZM,内饰,0,,导航
jtbe8gZDGCEf9UOW,内饰,0,,原车
cDQiy0dnrVfx3MWl,价格,0,,导航
H0ibSq4ndAzyE1hI,动力,0,,便宜
scYqrhITWwSnje5t,安全性,0,,便宜
U0yhjQEPS9Im2tBD,动力,0,,导航
NlxgP3eYt0nzKB5j,动力,0,,便宜
zO3ND7P0C16gotiw,安全性,0,,便宜
PTDA2eULVg8NcMZ3,空间,1,,便宜
UdtE90wj71gQIBuD,动力,0,,导航
Ur5LIl1YoBjWQEJg,动力,0,,便宜
gdibkoSsHMfZcaIm,内饰,0,,导航
18sbwglESLoPCJ9I,操控,0,,便宜
npsTlXveJmibUHdj,动力,0,,导航
073DfApbZlcJ1tWE,价格,0,,导航
7vlHt6GnPFKQCUVI,动力,0,,导航
XEvGcYdbnIVTSL2R,配置,0,,导航
zuERVI2Cc9FjrKq8,配置,0,,导航
Be8g1L57jXQ0PRcn,空间,0,,导航
93sWiKgY4UC8jDSk,动力,0,,导航
az2weAL6kCjmvVru,舒适性,0,,导航
yPUh5KZ9vV3lpsGB,舒适性,0,,导航
MGfTopKhv3tr67Ik,价格,0,,导航
RuGhicS6dUIXva2E,舒适性,0,,油耗
20o1aeNxbApYK5SO,内饰,1,,油耗
g2vFMCd1N4i97KUQ,价格,0,,油耗
g2vFMCd1N4i97KUQ,配置,0,,油耗
fYnArPDqmTlIyagt,动力,0,,油耗
cXWsxD0MTKQwEVpe,操控,0,,油耗
1KiNolhdjJ9z37AB,动力,0,,油耗
TcdzWbYEAqNIiPyp,价格,0,,油耗
qx2nhsRFDvKHW68z,动力,0,,油耗
zlEgoQBSR0eHYWjw,内饰,-1,,油耗
ltj3xs5h7oEP2z4A,内饰,1,,油耗
yeBbRYX73hd94WZI,油耗,0,,动力
nlf4epZz7URcOWjT,价格,0,,动力
DnmNzoYrLgcAaS6I,操控,0,,动力
qIn7kULExg92VMcK,油耗,0,,动力
Hif4ZJjkoRw5b9tE,舒适性,0,,动力
q6E5DiKcn0GBZxoT,油耗,0,,动力
gzuM7rRSdkc3yoVH,配置,0,,动力
gzuM7rRSdkc3yoVH,舒适性,0,,动力
Q02UuKePZtja9Rdx,安全性,0,,动力
3OFdtEnJhzgjDvwG,油耗,0,,动力
9FVrmxcqvdC4pnzf,价格,0,,动力
kXnywtp49dbE2aYM,动力,0,,每次
snIOM3ePFcyix9BS,动力,0,,每次
JU7rLiNatO89MEwQ,配置,0,,每次
ksYlK4CfjXucNvGZ,外观,0,,每次
mhdw9QJF0Kfp175H,油耗,0,,
mhdw9QJF0Kfp175H,动力,0,,
KztJLy2av0RTEioZ,动力,0,,每次
uTUzYxd82EJw5bKO,动力,0,,每次
1M3ASJzo8XjtKBqE,动力,0,,每次
OvSEW15GR9L2TYpC,价格,0,,每次
x0pVSuD3Brs4QCkt,配置,0,,每次
ieuKRNqP0vEIycaB,安全性,0,,
zF9Mueid3pXalrP7,操控,0,,
zF9Mueid3pXalrP7,动力,0,,
WJFMnwQPUj8iLdSN,动力,0,,
6Tl3EBqAXL0o7sSM,配置,0,,
8GadRbIzViTqyx4F,内饰,0,,
VpLeaYSlRTqyMFgK,操控,0,,
M4GuJmcIwU1THDed,油耗,0,,
m7FbotzxgiPfsJLS,油耗,0,,
m4idJxSGcC0lhnvR,操控,0,,
kgEYWcjOxbNoz4S1,操控,1,,
5bldocje2YZPXLQI,舒适性,0,,优惠
8gpBxQOPj2YEW7CH,内饰,0,,优惠
8gpBxQOPj2YEW7CH,舒适性,0,,优惠
n5aKxi3ZbAlHyNF4,动力,0,,优惠
LbDhIE2q3Fa4efJX,安全性,0,,优惠
LU9S1nwJeQicBPFH,价格,0,,优惠
LU9S1nwJeQicBPFH,动力,0,,优惠
Lg4DuFNV0jPnextY,配置,0,,优惠
iKM0y9SRhw1raBps,操控,0,,优惠
iKM0y9SRhw1raBps,动力,0,,优惠
ugF1Y9NsOJaBbtS7,动力,0,,优惠
vxohAazq27Uj5Dt8,内饰,0,,优惠
GyS9fbm6AiWaTsXC,操控,0,,优惠
G2hHFZ50pPMQksXo,动力,0,,材料
gOHKCLapJowzu8AR,动力,0,,材料
DLJlzgK14pc7GkNq,价格,0,,
ZeAFK5tdv6V9ORYJ,配置,0,,材料
RVGhbxrfQcIwlFdL,安全性,0,,材料
U79aDc0xoKFMbyhT,操控,0,,材料
72XjGlFSt8QbsKHp,操控,1,,
nWp4U7IiXA6PrQmC,价格,0,,材料
OT4cMNr6vXoZKSCn,价格,0,,材料
WQ8e0VLzm1Nck3jt,价格,0,,材料
5jCfSe8z9wo1sU6i,价格,0,,价格
Q8yxEWpPwmJtscbn,价格,0,,价格
Q9lsB8x6FvkDroPV,配置,0,,价格
YPyQjeoxu0N5AaqV,配置,0,,刹车
ILV2xjt0r9Ty1f76,配置,0,,价格
kZxn5LJOHMV3yGet,配置,0,,刹车
RwfKrGUZibBAMIgq,配置,0,,价格
RwfKrGUZibBAMIgq,舒适性,0,,价格
y3WuIhpVe5qKMsa6,操控,0,,价格
Bq8AxjuoinbzI95L,安全性,0,,刹车
Bq8AxjuoinbzI95L,操控,0,,刹车
Bq8AxjuoinbzI95L,舒适性,0,,刹车
PBzSy05iMmJe9LWj,舒适性,0,,价格
m8MyxACkfqj2lQNF,油耗,0,,空调
Kx9qJV7Bwcn8DUhp,油耗,0,,空调
3xW28YUPNywkseaM,油耗,0,,空调
i5MfVSO48chl0u7N,油耗,0,,空调
mhJoGpyU2zefLv4x,油耗,0,,空调
lctobe5GjuBCxy4p,油耗,0,,空调
ehkY7aj6X89xMyr5,油耗,0,,空调
BylRVaPbFuH60W8M,舒适性,0,,空调
aDVYRH7ef086mjsA,舒适性,0,,空调
8OQC6rfwd4vFhgic,内饰,1,,空调
7MtT8ZihRLFqO1bw,内饰,1,,机油
0PLuvKeUR7rkHsot,内饰,0,,发动机
3m21lZW0VHhj8ubL,空间,0,,油耗
TymcspvV9EQjfSRw,价格,0,,机油
oHyUi0BYVrSJ6ILs,安全性,0,,发动机
iQBEyOb6tc38jhvC,安全性,0,,发动机
yNW7hAIvr2E43fL0,安全性,0,,油耗
1UZSqnC93b8B2gmt,操控,1,,油耗
g0PoIQprMBdbhHmv,操控,0,,机油
g0PoIQprMBdbhHmv,空间,0,,机油
VyN6x2SP9EDpfJCz,动力,0,,发动机
LTxHPB31aI62JOMX,动力,0,,不到
UfiAyxpkvQdguWY6,动力,0,,不到
CLo6f4RbAyFB3I05,动力,0,,不到
Px5CuDqJOfvEswra,动力,0,,不到
n7dWQKx5ZtS2NLvu,舒适性,0,,不到
n7dWQKx5ZtS2NLvu,动力,0,,不到
0suojbqVSYImN6d8,动力,0,,不到
RY9SQqt2147cxZsz,动力,0,,不到
gAap9wMyXxSuQc57,动力,0,,不到
qNZsXBg68bamyHQ0,空间,1,,不到
ngzcR7CiS4Db1axN,外观,0,,不到
ngzcR7CiS4Db1axN,动力,0,,不到
oGI7QnWD0zJZcBtx,外观,0,,动力
8mYAsyPTbdnLtoEG,价格,0,,动力
Elt20YcRZz5FhuWo,舒适性,0,,动力
w9d56j8OgnCKvPcL,价格,0,,动力
G8hZaqu15NQ2zsJn,油耗,0,,动力
CY8f92BOTH3t5lW6,价格,0,,动力
CXLI764WJbzQhcSZ,动力,0,,动力
enEtRf5B8Ij92uz4,油耗,0,,空间
fAhkYX2HCdLWejRb,油耗,0,,动力
zGhESjKu9sRvXqo3,动力,0,,动力
4oFy08L1DuhbO2dp,油耗,0,,好看
sACTVgxNDPSJwRtj,油耗,0,,好看
KMZARaNglYCsJ0jo,价格,0,,好看
DBYMylWrtnzuojCP,油耗,0,,好看
O80sCRxGwAri2uNI,油耗,0,,好看
rQyPXo39gUnVRIvL,动力,0,,好看
mkCj5cg1rTxzE7Kv,油耗,0,,好看
yvrIFQCnOUq03lD4,动力,0,,好看
pL21kTtr8gRxhfWy,操控,0,,好看
pL21kTtr8gRxhfWy,动力,0,,好看
mJjQ4GHoElIXfqAU,舒适性,0,,好看
gS8mMHCB5P1LkEKu,安全性,0,,内饰
h8Lau6KWxfmIOPj7,价格,0,,内饰
6V5S9TmChcoGRbYg,舒适性,0,,内饰
CWdGUzmhA9Y35wPj,配置,0,,内饰
YtMgvoicjZsrW1Qh,动力,0,,外观
l6kZj5wsr8R4AKUv,空间,0,,内饰
4grifhEPpnxc0WS3,操控,0,,12
4grifhEPpnxc0WS3,空间,0,,12
TmBDYCLkqhX68ysv,价格,0,,内饰
lQEBMIFYh3W2ZRda,价格,0,,座椅
u32zFWTmvhSBALfV,空间,0,,内饰
eBAOK0iL9kRTu3X7,价格,0,,发动机
wEgZ92N4b6AMOkxS,价格,0,,发动机
0Flnd8hRq7C9kLGP,动力,0,,油耗
Pm5tHqoJKC2zvsD1,配置,0,,发动机
BnVNYmgcslkfGDSe,价格,0,,发动机
eaUX9AmLpQBGMIdT,动力,0,,发动机
HoA7taEmxsXCILlB,安全性,0,,油耗
iKvqEVW2zx6cfMPA,舒适性,0,,油耗
Njqb59iEroQOJ0CX,舒适性,0,,声音
aGZolLsBfVYvHJq6,操控,1,,发动机
dbX9HnOZxTk8acjN,舒适性,0,,机油
Smr5TJxypWblH4Uo,油耗,0,,机油
AxXtv6CNauVQ2EYS,操控,0,,机油
saFThguOB6fZHbAw,动力,0,,机油
puBeAcLKxDWRJgCH,舒适性,0,,机油
ZWw8NQeKMT3fXbJR,动力,0,,机油
0lIuJGehVMFN3YQR,操控,0,,机油
0lIuJGehVMFN3YQR,动力,0,,机油
Y5Piob0TJNsqxyIO,舒适性,0,,机油
HMb4EDrQAZgJy5RW,油耗,0,,机油
JYBR31ezsQObFVa0,价格,0,,机油
2HM9K0C3dWPmAXjk,动力,0,,估计
4mupsO9QdHIjAZCx,价格,0,,油耗
9SHwLQYjuI5dRtvN,油耗,0,,油耗
kRxYP9qzbWef47mc,安全性,0,,油耗
DkSA0nRvwyxrmJzo,油耗,0,,估计
K7iEzF8jtpLvc5qH,动力,0,,油耗
DYxPBjZendkSpM3b,舒适性,0,,油耗
PZaUybTwCt4jqsnv,动力,0,,油耗
BPnjDGbgATUfy6H3,舒适性,0,,油耗
PSY0qdpjryGK9FNm,舒适性,0,,油耗
DFpjJkdehuvLStTE,动力,0,,确实
kz6lDqx7PQcRBoVv,价格,0,,确实
vgAGd6BS4pHa29Rt,动力,0,,确实
nMXptb4eFWO0HJGg,舒适性,0,,确实
EctJhFjIHKv871dr,动力,0,,确实
KzOcf2gUuVm4oIyh,动力,0,,确实
6pu0SFqDrhfeTEUY,油耗,0,,确实
oak4npPgcZBGdeE1,动力,0,,更好
UhAyZtKqOQDXFip9,安全性,0,,确实
U8VCky2zHw9neYr3,动力,0,,30
6yGYa4nW5zcSeARP,油耗,0,,国内
n0iGFeumh7wbZfc5,舒适性,0,,外观
gcvFNLBunQA1rDq6,动力,0,,外观
CS8uaGHjZex7nqLv,价格,0,,外观
s724WXNFcAuDngeJ,动力,0,,外观
h3NL9F6Y8Je1PCE4,动力,0,,外观
ogGOmYu1jtDZQ9aE,动力,0,,外观
JO8tRVkUlmq7MnP0,舒适性,0,,外观
3AJkt7mQYBeqS8nf,动力,0,,外观
xF860eoBE9tMkgcD,价格,0,,外观
d12qenNXRh4oEWkM,动力,0,,价格
TU8qXLNScFeEGJop,价格,0,,价格
MLdqs6WeHn2BQNS1,油耗,0,,价格
Lp10l8mH6BTKExyP,安全性,0,,价格
EhvqxVprbJ0KWk3U,配置,0,,价格
91Jqs0gUj6cG5h3V,油耗,0,,价格
Q0Eh6Pc19WxsfYIz,安全性,0,,价格
Q0Eh6Pc19WxsfYIz,舒适性,0,,价格
AsB7ojNxuFhLXyW9,价格,0,,价格
pT16YmJPVbAU4kQM,价格,0,,价格
o81JW3GwXYbiFfqy,安全性,0,,价格
0BvCpAUIK2TVrbl8,动力,0,,内饰
1LDt9yAJwhUZK405,动力,0,,内饰
W3p7COTRkSzjK56I,油耗,0,,内饰
9vnib5NlZmXjGRsw,价格,0,,内饰
3k8eQMZPvtwiIFHx,配置,0,,内饰
bSJW1EvDTLnhU0qO,油耗,0,,操控
Cj8LbX4Gs1icVz9P,配置,0,,操控
xpwuMGFyiq06ldaO,油耗,0,,操控
WOKSEYap1DMc5iPt,油耗,0,,内饰
sR5IdcrS47ACxgkf,价格,0,,内饰
GO8AHDxYM6FyC2KR,配置,0,,轮胎
GO8AHDxYM6FyC2KR,操控,0,,轮胎
fvme2FaMH4K1AIWG,配置,0,,推荐
cC7ZJ9QgyFRduO4w,舒适性,0,,原车
PfT21Y8IqGeOik6M,价格,0,,轮胎
qYK5ZvFwyMj9HbxQ,价格,0,,原车
i60D1tkneHlwOWK4,动力,0,,轮胎
uRJFKHw50MWCgQEj,价格,0,,12
8RjxP2OmA6FzaNfv,价格,0,,推荐
4T3COzh0KP98wnWv,油耗,0,,轮胎
4T3COzh0KP98wnWv,动力,0,,轮胎
BS6GJonqAjs3i5dD,价格,0,,12
3ufdvW9n6LpxtUmo,外观,0,,东西
WzG1hoF0sn4YmMNd,价格,0,,东西
WzG1hoF0sn4YmMNd,动力,0,,东西
Syba49BXGKAj5E2J,空间,1,,东西
Syba49BXGKAj5E2J,动力,0,,东西
XQLp1W6PUGiSueDC,空间,0,,加速
4fi6wDdFSEjBIWQ8,空间,1,,东西
w2djv1uBiVHhNIAQ,配置,0,,东西
pz8P7vGWgAeoUbrc,价格,0,,加速
pz8P7vGWgAeoUbrc,配置,0,,加速
n9dFxNf8SVY6wIb7,配置,0,,东西
TEJua7ojl5kVQ4px,配置,0,,东西
TEJua7ojl5kVQ4px,动力,0,,东西
cxdNAbiwF7ar901z,内饰,1,,加速
t7mqEcPgjBi3yMXG,内饰,0,,启动
opQNKOJUsPm8fhqF,内饰,1,,启动
opQNKOJUsPm8fhqF,外观,0,,启动
PqnhGulHWtDrbRFU,内饰,-1,,启动
PqnhGulHWtDrbRFU,操控,0,,启动
QXv8qNuizGcjtOae,内饰,0,,启动
AEJ4Rzqk8PL5bFfg,价格,0,,启动
v2oQzqurO6aEdAsh,价格,0,,启动
ibSO4ogXnq0d7Tfw,价格,0,,启动
pDnAP3eMVs1j47Cb,价格,0,,不响
5hlv1GcgFWRDLi8u,价格,0,,启动
Z7ovg4rQWNT5czpl,价格,0,,启动
btQj9E65G4gSrx3m,动力,0,,座椅
jaFxOp42fse6RdLK,价格,0,,座椅
jaFxOp42fse6RdLK,动力,0,,座椅
KgNLqSsR5rW4az0P,动力,0,,座椅
H9Eqg04t2xn6CkJT,动力,0,,座椅
H8eBXno1LjfbMyPW,动力,0,,座椅
FsEWPD6SoKM3rN48,操控,1,,座椅
FsEWPD6SoKM3rN48,动力,0,,座椅
AlF5rQZI2mgRdhGi,外观,0,,座椅
AlF5rQZI2mgRdhGi,动力,0,,座椅
H5oIvqrNuGT6gbR9,外观,0,,座椅
p2zCmiu4jIScUXew,外观,0,,座椅
onsZ8B5X4uVcaU0I,油耗,0,,座椅
93pxjCQnsPHiXTml,动力,0,,
NM3TLgmaheIbqz4W,动力,0,,
eRQXz59hG70FxqEJ,动力,0,,
cwGbU5WZlaE4mFzC,动力,0,,
jSERDcwzuegam0Gi,舒适性,0,,
RL8iomre3TPFyBqa,动力,0,,
khWTLVBRobvUn3Ga,安全性,0,,平均速度
khWTLVBRobvUn3Ga,动力,0,,平均速度
S0D8e9tuBdQpaWFM,舒适性,0,,
70s9f5wBXxQyvIeJ,动力,0,,
nhK3bVtY2XqfoFvu,油耗,0,,平均速度
N6SOwHa5DWnUL4YV,动力,0,,轮胎
iSkQ6VBe41l9s3HJ,配置,0,,操控
iSkQ6VBe41l9s3HJ,油耗,0,,操控
vEjHlxB509aiUh1L,动力,0,,操控
JzQNiRH9sdM70n6F,价格,0,,轮胎
p5diMJHQ2AchUxVF,动力,0,,操控
Gczub7DEkxp4VRhN,动力,0,,操控
Ziu2rQTNe3YUJD6v,价格,0,,操控
LN1rgVTHliQMzw4S,动力,0,,操控
jZTniaUmkgNuroEL,油耗,0,,轮胎
WlpdjUxNifwH39Qv,动力,0,,性能
UMN9f4gjq5VCme6B,油耗,0,,轮胎
M9maZYhelO08UcP7,动力,0,,轮胎
mv45lRIHiagoZPuz,安全性,0,,轮胎
mv45lRIHiagoZPuz,舒适性,0,,轮胎
50URtN4rqHjKGT7p,价格,0,,轮胎
td0peuT5361WJCy7,操控,0,,轮胎
td0peuT5361WJCy7,舒适性,0,,轮胎
ifU6TJRIqQ83MBm1,操控,0,,轮胎
1hTnwObE6Pv4ilI2,舒适性,0,,轮胎
sWdoqgak2prV5Xfj,舒适性,0,,轮胎
sTEj9duGX2zAqIr8,操控,0,,轮胎
sTEj9duGX2zAqIr8,舒适性,0,,轮胎
k3dnRXbhuqiMje8D,操控,1,,轮胎
OiM0P8nZ6Hk7ECLR,操控,0,,机油
5r40CE1jGfLliA7k,动力,0,,机油
nbtiQjg5371Df8Fe,舒适性,0,,建议
nbtiQjg5371Df8Fe,动力,0,,建议
RAhPKc3w7zYvTkoD,动力,0,,原厂
zxho9ZN1fG736tIX,安全性,0,,建议
sY8baihTfECGcK4q,动力,0,,建议
puszkRaoPD9hf7g2,动力,0,,机油
PQRy47eBIkvXzLmH,动力,0,,建议
KPlyLQFwz5RshMjf,动力,0,,机油
lDMaYEJdVBKTu2zy,舒适性,0,,机油
TSU6zwZnRQ4cuqLB,舒适性,0,,颜色
9TWx532X4h7wjiDy,安全性,0,,颜色
6jm8uWBCpZwo5RFI,空间,1,,好看
6jm8uWBCpZwo5RFI,动力,0,,好看
4tWrTOAjecVDyFYl,油耗,0,,好看
4tWrTOAjecVDyFYl,动力,0,,好看
XK9dD5vynI4oGskJ,舒适性,0,,好看
qscgnZPK4FGwLV38,价格,0,,好看
tgmdp7VPTv2qicoK,舒适性,0,,好看
DoV8dMqFstKXEUwh,安全性,0,,好看
GTx9wel45ru2LZoS,内饰,0,,银色
uAzN7fjJWyQq6KXD,操控,0,,颜色
2ZCfsbon6041kpPF,舒适性,0,,空间
HgApRX8nqjJlEO0K,外观,0,,空间
HgApRX8nqjJlEO0K,舒适性,0,,空间
H83bKrlde7D2pNLF,配置,0,,空间
k5A2oECXbvlxpWF1,安全性,0,,空间
EsFeCWZ4pAYLjkOD,舒适性,0,,空间
EsFeCWZ4pAYLjkOD,动力,0,,空间
mUHbaghwpnzBtME9,配置,0,,空间
8SjFg2purME4Jx0A,价格,0,,空间
e0kYOc5iPx9mR3jv,油耗,0,,空间
HALEWZPmhvTzKjr8,价格,0,,空间
HALEWZPmhvTzKjr8,配置,0,,空间
2Hp9McN70xnzy8qJ,操控,0,,空间
mWbG5Zc1zwy6KtjV,舒适性,0,,空间
mWbG5Zc1zwy6KtjV,动力,0,,空间
AEYbGMtnhrJ76sUd,舒适性,0,,外观
T4Y9Apfq2BesIGlc,内饰,0,,空间
1hM4eqwczXF6buG2,动力,0,,空间
wtoBu6QpKzlO8maL,价格,0,,外观
GRXzZQMwAeJu7COd,动力,0,,空间
bKsdJG5Bu4QFfAEL,内饰,0,,空间
TIMa6yKYE8fePg17,动力,0,,空间
UIC3PqTcutWdFNVQ,配置,0,,空间
39GHL0vs8hg2bpl1,动力,0,,空间
Jmb32XBrZgTNhi60,操控,0,,纠结
Jmb32XBrZgTNhi60,动力,0,,纠结
es0ZgKMEINc3vajU,动力,0,,做工
wrLa3dy1MTJAUbIj,油耗,0,,不用
jGglFPieTJX97Uxb,动力,0,,不用
k8G4vxE5maWVOiMB,动力,0,,纠结
XdMQbHDq7Vs3n0IG,操控,0,,更好
QZHrOlg7P4Xdy2Y3,舒适性,0,,不用
u0K4toPXbnlJTcmL,动力,0,,更好
uzfj7oHsXO2nmUxC,动力,0,,不用
JOBqrRszQ5LFT72X,油耗,0,,不用
pURWwJXEY9boHvLq,动力,0,,加速
jyTlYHMnAKc4EROF,价格,0,,加速
HRLxcVG8YaWArDqd,舒适性,0,,速度
rCUqz3A0k5PK8bEV,动力,0,,加速
beH79mYF60rqQwKW,价格,0,,速度
ay6bwYNud4KBVJXg,动力,0,,速度
amIEoWFrYfbsRyOq,动力,0,,加速
CKWDlRyrYdQq2iBH,动力,0,,加速
YxvTf4hr1odFwyM7,价格,0,,速度
VYRCeOz63ky4UhFP,价格,0,,加速
5gRpXMthv6sO9lme,舒适性,0,,建议
mCcU9XgIHYWsL4qJ,油耗,0,,建议
xZvGCk0LXS2ITgHe,油耗,0,,建议
G3gFzhjsWm8xqHTV,内饰,1,,刹车
SoiD43pfynQPmJ7V,安全性,0,,建议
2b6R1V7kQS8UMxY3,动力,0,,刹车
EnKrOoixv9Bq0b5Y,价格,0,,建议
V52Ubc3yioDXqkQ9,操控,0,,建议
DhQW8jsTpyqw06o5,油耗,0,,刹车
krc0zWjpYaKuOIUT,动力,0,,建议
WMfT8mP6bRpHnhqr,空间,0,,价格
TlQ3NGwt1ZzSO9B7,动力,0,,价格
CFpJR65ev0MizD8X,动力,0,,价格
EVG6bXaQxSCN1Ake,内饰,0,,情况
EVG6bXaQxSCN1Ake,配置,0,,情况
ZYL14a2ypDcoB8T5,操控,0,,价格
NO8VzjCTMpQ3Hcul,动力,0,,价格
VL6jHoQ8ZpyIP0tn,价格,0,,16
cCgJT7PV3mbx21h9,舒适性,0,,价格
V9JNZ0vxUCWDsfrY,动力,0,,16
sNtAReLBfbXuTcyH,外观,0,,价格
FRkSi7Mad9B4He35,舒适性,0,,空调
FRkSi7Mad9B4He35,动力,0,,空调
SuaPyk6KrBWiLl8I,配置,0,,空调
3IULXkViPBDKYjvw,动力,0,,空调
MDFGsd5R09vbPLht,动力,0,,空调
bMUeh2VjrukxmNAD,动力,0,,空调
24imyrkH9Bcu067W,配置,0,,空调
QeLJ6w9EB78bulcj,动力,0,,空调
8g9n4vVqZQ6JSP5x,价格,0,,空调
jF2o1uBciOaKARx6,油耗,0,,空调
jF2o1uBciOaKARx6,动力,0,,空调
dL1EZgfl4RjkeKUh,价格,0,,空调
2VWOd6lnSviTrQY0,动力,0,,机油
l78SQPcmBT9DtqNj,动力,0,,机油
YGIRkO0Zh4NtVnmF,油耗,0,,机油
V1NSF709AmjTRPhe,价格,0,,刹车油
yBOG7JzfwRZxHVUo,价格,0,,机油
yBOG7JzfwRZxHVUo,动力,0,,机油
1VkicdAOjC6rPqXW,油耗,0,,机油
zJjMAVQLrfeUms3Y,配置,0,,机油
3hctzfuMi9F0r17m,价格,0,,机油
A34yvHZGOCmtczpf,价格,0,,机油
CkjQS5YZNHvFAXzt,价格,0,,机油
5hscw7oaqFm3iCBx,操控,1,,油耗
SUV7QinvDBPmL5OC,价格,0,,油耗
pGEBk04J1dcLUThW,价格,0,,油耗
NvOgzwa9XLkhEZfj,外观,1,,油耗
v01eRdCPMnOKw8ty,操控,0,,油耗
kO0yL4m76xbZ8IUE,油耗,0,,油耗
VjDzCfoU89EvMbdR,油耗,0,,油耗
tyDsn2CHM0WJzwpX,动力,0,,油耗
64eN5ZExUkXqpPa3,内饰,0,,油耗
64eN5ZExUkXqpPa3,配置,0,,油耗
6e2J5pdRaqDWvSgE,动力,0,,油耗
wHYay9uoQIO25Rht,价格,0,,原厂
uGTir0Q8SBej1wAN,配置,0,,油耗
xGaLW1hdRjQFKXcN,空间,0,,油耗
JEpFPS0tBo5O8hxu,价格,0,,原厂
JEpFPS0tBo5O8hxu,配置,0,,原厂
AGjnT4Dd8bOokZz2,操控,1,,油耗
AGjnT4Dd8bOokZz2,空间,1,,油耗
dXbirf1CuyFszlKO,油耗,0,,油耗
nBZzr916y0SKtCPe,动力,0,,油耗
SnXce3GqCQd6tfFb,动力,0,,油耗
wWxseS1cGTg2DhHK,配置,0,,油耗
wWxseS1cGTg2DhHK,动力,0,,油耗
reyUlXwx6YZHf2Nc,价格,0,,油耗
um2A5EVOerPf1ZKS,油耗,0,,优惠
um2A5EVOerPf1ZKS,动力,0,,优惠
Aa73jxLqprzgl5VT,价格,0,,车主
7KRGZL60qn39dMXN,价格,0,,优惠
Jy2MjFViEeBdm4St,油耗,0,,车主
QY9l3vw28UtiBCs1,动力,0,,优惠
ho6QNZl0uXev3C9q,油耗,0,,车主
0ZcJSahWkL3TmIzN,动力,0,,车主
CM0TrDvozKejJ19X,外观,0,,车主
hTSecn4GNgLbAKHM,油耗,0,,车主
3IxjdMX1y4NOf6Dn,动力,0,,车主
L4xNKFochkw71QBZ,配置,0,,动力
fkqNdWp61ien39JX,动力,0,,动力
7Gb4jFNMRYgvLlDu,动力,0,,动力
0HR9mNhn3dzgXr1F,价格,0,,动力
3oqNdjLtr6HBxkKD,价格,0,,动力
uUpHiy5kTCXr76fq,油耗,0,,动力
sDLvXxwqMJf5jgTc,价格,0,,动力
lhu7cmGoMekHqBaz,空间,0,,动力
uWgbGATV0jOoarDw,价格,0,,动力
rf7MZgcWesEv6SuX,油耗,0,,动力
jEpFZwbyDHo9tXkn,安全性,0,,情况
Y4E9pN1kznPewcUO,外观,0,,异响
H7l3YEvyKQaIh6r8,安全性,0,,异响
H7l3YEvyKQaIh6r8,操控,0,,异响
H7l3YEvyKQaIh6r8,舒适性,0,,异响
389Drm5jzBFvIZ2i,操控,0,,情况
389Drm5jzBFvIZ2i,动力,0,,情况
JOnA6lRuWev9gcUC,动力,0,,异响
JK1uU6QgvX7FPmeC,价格,0,,情况
bagL1329tZij0Pme,安全性,0,,情况
bagL1329tZij0Pme,操控,0,,情况
bagL1329tZij0Pme,舒适性,0,,情况
bXUKus15n8SeEHRt,内饰,0,,异响
EFY6DBolxfH7Cj2b,舒适性,0,,异响
FGRbjwZTUlkg86pQ,内饰,0,,情况
jlxnYgNMRSEbQ47I,舒适性,0,,省油
Pzcjy48JxafdKIAV,价格,0,,省油
hxR9gUEeVuBHcPTk,动力,0,,省油
rN1gsRZq98mTL2ow,价格,0,,省油
6vnwrqt9EU048AJD,操控,0,,省油
YiOzfUcV1sy6KxIE,价格,0,,省油
bkn08zQsyqtxGpL4,油耗,0,,省油
Qw3Icen09U2i4ahS,油耗,0,,省油
X6sGr4hBNU8awZ0H,油耗,0,,省油
ZUCOEHAd1ga7LFxk,价格,0,,省油
ZUCOEHAd1ga7LFxk,安全性,0,,省油
ywJhqCI501xpn8Tu,操控,1,,发动机
yoH41Gi9Y7RXmJwK,油耗,0,,发动机
QptxJrH7qsfiEodS,动力,0,,发动机
rGgeAiF6dkhOynmp,配置,0,,发动机
USo8k1D2Zwh56vVB,舒适性,0,,发动机
Ec0zbuRis9NHpyIQ,动力,0,,全时
ICnk96qfHQtTULAc,价格,0,,发动机
Ps6hZcIAX1fFYlCv,配置,0,,发动机
zyCSDkJLrhWE8KXR,动力,0,,发动机
UyhqNBf53jE89orR,动力,0,,发动机
tvTr6MNcyhmkuRAX,舒适性,0,,动力
mCtk2EcWaBZRTzG4,操控,0,,动力
oQ49SFW7I0LybuqU,价格,0,,动力
O732ncCsp8Rr69oF,空间,0,,动力
fxyncAKhsDum2Oob,油耗,0,,动力
gWMql7QIZcVFX6y0,油耗,0,,动力
jWgdAn4QIHRk2uUs,动力,0,,油耗
AB4sGnS3vVEq8Dxb,动力,0,,动力
6wxXOpZHJ9CNtdeT,动力,0,,油耗
fMt9sXq4pGHT81CS,油耗,0,,动力
cdqKw9jfWgvQ8NEm,油耗,0,,优惠
Pm0r2h5HI76nXvos,动力,0,,优惠
YLIEz3wdkUNMa0HJ,舒适性,0,,优惠
YLIEz3wdkUNMa0HJ,动力,0,,优惠
3bhVfsTD75wFKXCn,动力,0,,5000
raYDzok54yMZCOSW,舒适性,0,,优惠
raYDzok54yMZCOSW,动力,0,,优惠
cL9T6irqHNDsZfPe,空间,0,,优惠
qfdGDCZ3PeKxNwpn,油耗,0,,5000
p4kMIBeaTxqrHFCS,舒适性,0,,5000
X8wU7Mr5kBcSDxJh,动力,0,,5000
AohYceIpjN7wJ2zg,价格,0,,5000
78vjfAny6s9aIKmO,操控,1,,便宜
O6ECF9ct4iuMlDJ2,价格,0,,便宜
1HKS4tw3Z7r5Mjbd,价格,0,,便宜
bqlw4Hz1UL05MRC7,安全性,0,,便宜
bqlw4Hz1UL05MRC7,舒适性,0,,便宜
lu5Ji2sjwNgHOBcV,油耗,0,,好看
5kwbXrfVS62FnKDh,安全性,0,,便宜
5kwbXrfVS62FnKDh,操控,0,,便宜
5kwbXrfVS62FnKDh,舒适性,0,,便宜
EtMWgPap8VOK0ydJ,内饰,0,,便宜
EtMWgPap8VOK0ydJ,舒适性,0,,便宜
sghfQnLUcSOu4DFJ,配置,0,,便宜
sghfQnLUcSOu4DFJ,舒适性,0,,便宜
yLlrQXn5hta4bG76,动力,0,,便宜
LFeDWjKa7HBM4sS2,安全性,0,,便宜
LFeDWjKa7HBM4sS2,操控,0,,便宜
LFeDWjKa7HBM4sS2,舒适性,0,,便宜
atzMAVxk9SmRh1N0,空间,0,,机油
dRpfDLrSM0sYWvIB,价格,0,,机油
NbFEO2GfgL1dJcQM,舒适性,0,,机油
NbFEO2GfgL1dJcQM,动力,0,,机油
e0v8JDt3jqNnIVUK,外观,0,,机油
ioUIrmX7F4V9bClB,价格,0,,机油
ioUIrmX7F4V9bClB,操控,0,,机油
jaOzYwbXlD4sMEfe,配置,0,,机油
jaOzYwbXlD4sMEfe,操控,0,,机油
WPIkOoDsAQl7hiTN,价格,0,,机油
WPIkOoDsAQl7hiTN,舒适性,0,,机油
VhlJyLza5ERfxDnZ,空间,1,,机油
52jEpMRoDNvPHwSb,舒适性,0,,机油
goW6bEX5lPTeBjRt,配置,0,,机油
dBKTF3eiMoyUELhb,配置,0,,省油
dMtgGohl5s3VZHqC,配置,0,,省油
pL13OljJzXMRiGmZ,操控,0,,省油
1KRVcuea2SYEsynd,价格,0,,省油
AcT47a1YvjXbyodn,安全性,0,,省油
AcT47a1YvjXbyodn,操控,0,,省油
AcT47a1YvjXbyodn,舒适性,0,,省油
01kgxZUTtfODp2hr,操控,1,,省油
PxLWHR4po8D1T6A3,动力,0,,省油
237pFikwragGBfnt,动力,0,,省油
Gjc1XHOVlKFe6ItU,油耗,0,,省油
atLdKR0lSyEH9sMg,舒适性,0,,省油
Lw9O210Qyh5Uut73,操控,0,,材料
Lw9O210Qyh5Uut73,动力,0,,材料
8NnaMkJhHyALDcPZ,价格,0,,材料
ODvT15rVzUQGtxWS,价格,0,,太小
szJOWrFC4H97uDUo,操控,0,,材料
gzGyHmUJQuaEfNhM,操控,0,,太小
SVaOfb1hoyPzv7Lq,空间,0,,材料
8Y35jtbpHAeThg70,价格,0,,
KfFAPD6TohrVGUSs,价格,0,,太小
rQWPNRL1mwxsF7li,动力,0,,材料
wnyujq8gV62lDU5Z,动力,0,,材料
AHrjUh6xkJ7dRcLW,价格,0,,机油
AHrjUh6xkJ7dRcLW,配置,0,,机油
Oa4sklUTNDmcpbQw,动力,0,,机油
uPwVh0CZYoTeGnbD,动力,0,,机油
sP2Ax8OS9bgIafqE,内饰,0,,机油
sP2Ax8OS9bgIafqE,动力,0,,机油
Oey5EIJUc4PQa36m,配置,0,,纠结
eTKhpqbosaRn5jLZ,配置,0,,机油
R52zpKF3CkvcYhL8,价格,0,,机油
eNou2KY4lv1CBD8n,安全性,0,,机油
eNou2KY4lv1CBD8n,操控,0,,机油
eNou2KY4lv1CBD8n,舒适性,0,,机油
4Nx9kchmQwlHE3YI,价格,0,,机油
K3Aby8kS6urpQRYa,价格,0,,机油
jRIDftoT6FSWVA4Z,油耗,0,,舒适
TFtAxJUkB9RpYbaZ,操控,0,,舒适
QKtFkz9vn68ErxUm,价格,0,,舒适
Gbc8jJ3iENw7kISz,动力,0,,舒适
UXA1P7V5bJhiG9tx,舒适性,0,,舒适
UXA1P7V5bJhiG9tx,动力,0,,舒适
LoZ6kfgdemxuANYI,舒适性,0,,舒适
ODQsAT5ieyg9JNSG,动力,0,,静音
UJ0uFwKlp9qf8zW6,油耗,0,,舒适
UJ0uFwKlp9qf8zW6,动力,0,,舒适
cydDMeo04TnBG92s,油耗,0,,舒适
BaEdk14fSL96ZTtN,舒适性,0,,舒适
FfcOkjr9XwMlZvIW,价格,0,,机油
6Zw3Q5dDmTPYzrp0,动力,0,,机油
VZsxWz1fbk6DLFXO,价格,0,,机油
xwpBL2Rf89F6qO0u,价格,0,,机油
bMpL97f6tirSwcxO,配置,0,,机油
r0XIUAqlz9aQcvYB,价格,0,,机油
Cy0ZOxkKhMoETNqS,油耗,0,,机油
TROFwzH24CuexUZd,配置,0,,机油
Pm7De1R2OuIa0AGB,动力,0,,机油
6p1Gd4CbI5MALmxq,舒适性,0,,机油
xr9naXZ6QuegToj1,配置,0,,发动机
1SK5FhgGrNiCPsYV,配置,0,,发动机
voGhsAS2uf8jCpWw,安全性,0,,发动机
OeLFcmtvT4GaQYZV,配置,0,,发动机
OeLFcmtvT4GaQYZV,舒适性,0,,发动机
LaYhq2ci6EbpOzXd,动力,0,,发动机
q0bRKPpSCtEGhmga,配置,0,,发动机
3HdWEaZ04DPAhLfk,舒适性,0,,发动机
zf81NdHe4J0GWY95,动力,0,,发动机
6TLua3NxbHo5Rsj7,油耗,0,,发动机
pjynGY1xS8M6JhdQ,动力,0,,发动机
f7uH1xAdhCX93L62,安全性,0,,刹车片
wU1ipRTWtdl8bhYn,动力,0,,刹车片
9KQ7RiT8vdOeroHb,价格,0,,刹车片
KBDSkAULJQ6v4WVT,价格,0,,刹车片
8E6B9V4pZ5jtXInA,安全性,0,,
2Mg3CxG1vhfWHAVk,价格,0,,刹车片
Xt6faCsrjGKRExku,动力,0,,刹车片
Ff5Bh7nHMvISAoqg,配置,0,,
hFuqAespIJt0MKfP,舒适性,0,,刹车片
shaB5qOUiVct1Jxf,动力,0,,刹车片
cduP0IO6QzeqXbg7,操控,0,,机油
TNP8GkgvxcYJ51dS,内饰,0,,发动机
s1bqrGugAkB06xZj,操控,0,,发动机
WUMfjXzKCtP4F3qg,价格,0,,机油
9trKxFco3S5iBeka,动力,0,,发动机
IPMSkDGKeciJZmTf,舒适性,0,,发动机
dHTaEWKxyYoBc5sU,内饰,0,,机油
AMlzYOEDGNWr4tUI,价格,0,,发动机
pQLoOrdDjFENC5IP,安全性,0,,机油
1rnyWNaQlKjGgpHs,舒适性,0,,发动机
1rnyWNaQlKjGgpHs,动力,0,,发动机
Jy1LwbjqZgxI7AvY,舒适性,0,,机油
lcHAXhtYT96diyCg,安全性,0,,机油
3Td6ia7n5BNLqjxh,配置,0,,机油
8T4wfUGLgxm20WZp,油耗,0,,机油
6Zf9kPLzJDMnxaA1,动力,0,,纠结
3NQxUShkd8iuRemf,油耗,0,,机油
amI52NUMlDGfjZse,安全性,0,,机油
amI52NUMlDGfjZse,动力,0,,机油
5lWHK0DEnU7g8S1C,动力,0,,机油
3ePOA5JHayrbDik8,动力,0,,机油
1UFKiJnMPgWyGpHc,安全性,0,,机油
fV6y2A1na5iSImbp,动力,0,,内饰
cjeL2RdTgBrzXisv,价格,0,,内饰
4C1iftvQzxIA29g6,价格,0,,内饰
D8PrMauq3jmVIpO0,操控,0,,内饰
yv10mXsOb8okPVHz,配置,0,,内饰
4ft3dcD51ujCWYrR,动力,0,,操控
u0PmnoGdzNIRy4Q7,安全性,0,,操控
GRlhBtC0dvqozcDr,外观,0,,操控
1IS5ErKoGiW4Jjls,价格,0,,内饰
2xquOsEThjWnBbNR,动力,0,,内饰
yT5KQ81OwgWksu9o,动力,0,,优惠
GjcNvgzmyAlk0CtU,价格,0,,16
enGqUjh94tM7gNRY,油耗,0,,16
l70jQ4sAmbVhSCE6,动力,0,,16
nrV4zqh6A83S7IaL,外观,0,,16
S5LM9Xt78HWUwjvz,安全性,0,,16
qE5DawnupNgsJvHh,安全性,0,,16
Qe4htWX3MpbTo59f,操控,1,,16
J5DLaj2MlofUKtkT,油耗,0,,16
Gx5zIE8tOnUfiCYy,操控,0,,16
THFr9R5wPhEgeLus,安全性,0,,做工
7PYVKRsj3Ftm0Wop,价格,0,,做工
ZwWhIekUOgL2TaVf,价格,0,,做工
lwz4A0aUcGDJVOxX,舒适性,0,,
lwz4A0aUcGDJVOxX,动力,0,,
B7zneJI3pla8kQGD,动力,0,,做工
Vhk03O6jgnm4v78M,动力,0,,做工
fjNK5psFJVzrPbgE,外观,0,,做工
fjNK5psFJVzrPbgE,空间,1,,做工
ZGnLHOQMUmTYfusI,配置,0,,做工
2hqQiRpTBVmNdtEo,动力,0,,做工
j7v1Qtbl8G32gNZn,安全性,0,,做工
OUIc9F38ut6MoGex,价格,0,,优惠
SZDd2UfnJ8lOxLTF,内饰,-1,,价钱
eC5MH8XYjSpUITo9,内饰,0,,优惠
1NxrRQWBTJFw7A2d,内饰,0,,30
h1rBlfXKxHVO0Nzu,操控,0,,希望
LI0lSFPZDOzrqnyj,动力,0,,30
XGRehAmp9QSzZCNL,价格,0,,30
54BO8AXVfUluaEn6,舒适性,0,,30
HZ1BLnSGKDtxcRP9,价格,0,,30
LdQKwOs6hTbY9gfM,内饰,0,,30
MxZWDrcfogmARhjL,安全性,0,,动力
MxZWDrcfogmARhjL,油耗,0,,动力
YNVm4FeIfWKG3rds,外观,0,,动力
YNVm4FeIfWKG3rds,舒适性,0,,动力
vcEKDR05dHhqlFBI,操控,0,,动力
oi3egvK85kdCLym4,空间,1,,动力
n8gkp6OeAKf4zrwR,安全性,0,,动力
bx87EnuPHgq0Vy6e,价格,0,,动力
3WVqgl5iaRbOdHe2,操控,1,,油耗
3WVqgl5iaRbOdHe2,舒适性,0,,油耗
Yg1qG7649sKiVh0T,安全性,0,,动力
OMS3NeFwL8JB6onb,油耗,0,,油耗
Q0fVx2qNWLe916Pz,价格,0,,动力
sqNWBIYSTVR0zob9,内饰,0,,16
dHbmaZcxAgpnwETN,价格,0,,外观
WanjgfvIscPoUqGY,操控,0,,16
HpW5LyeUK6rNX4g7,动力,0,,16
7QOtG1MD6z0skcNb,动力,0,,外观
fSR1A9e6jH3UMFI8,内饰,1,,外观
fSR1A9e6jH3UMFI8,外观,0,,外观
7A2ze9YabMCc5svr,内饰,0,,16
pLSxhPtQ4OmTDg95,价格,0,,外观
nNpYZdeQERiutcD6,内饰,1,,16
nNpYZdeQERiutcD6,外观,0,,16
3MjvJUXBzegF45KT,动力,0,,16
875xyDbzPHFleEBQ,操控,0,,外观
wm62yPbD8engtuGI,价格,0,,外观
AF0Izd3Ecfgkujy9,价格,0,,外观
94epsj1buvW2lBIf,价格,0,,外观
IcgXbKotPaAMZ2Ck,动力,0,,外观
c95QCaf3XKtn04VE,价格,0,,外观
OLTDzsIkWUeYKHX3,价格,0,,排量
C98YtdkE4OLTDgea,动力,0,,外观
2gO7dWM6rD9SHvEY,油耗,0,,外观
2gO7dWM6rD9SHvEY,动力,0,,外观
caVRpZDW6Qdr2gk5,舒适性,0,,排量
caVRpZDW6Qdr2gk5,动力,0,,排量
ByeJn8m2blqVKiD6,动力,0,,座椅
ZRSP1JekE783vNiw,价格,0,,座椅
OU0Ha56DoCJiqEjs,动力,0,,座椅
dM3i6seOI4ckbZtg,价格,0,,开关
I27CTamYDZ5oyX9B,价格,0,,座椅
I27CTamYDZ5oyX9B,配置,0,,座椅
jzTRF17bABPMOXZp,动力,0,,座椅
sLJc1tXdGQUeVhEf,配置,0,,座椅
sLJc1tXdGQUeVhEf,外观,0,,座椅
wxzmSrR20gA5kdQa,动力,0,,后备箱
P3DW07uNKaj8sCRr,动力,0,,座椅
PykO9QsJFYtmMGvU,油耗,0,,座椅
uDpUIL5BkgFoGZQE,空间,1,,便宜
vlCphH36ucoXYAqw,价格,0,,确实
yoUEBOQszJW0KA5G,价格,0,,机油
bTs4yzovnrFhX1NV,油耗,0,,机油
wnWRdqCphJz6P7U2,动力,0,,机油
Z8IsoVLB3CEetMUF,动力,0,,确实
RpeP4w7J8AOxdzIi,油耗,0,,机油
Cme1yAS3oLdfiRBK,价格,1,,机油
q4webEMXRSyDN5Qf,价格,0,,机油
HM38kdhUSjEPwp0u,操控,0,,机油
hNiGFEPdTZJoKOqf,配置,0,,操控
hNiGFEPdTZJoKOqf,空间,1,,操控
aHU0O9YCLly8cPvR,空间,1,,操控
ueY7R2gFVMB9bWvL,操控,1,,操控
mreCtuKXFwYsi0z6,空间,0,,操控
n2TZNWRdfSCilqLh,空间,1,,操控
KTdD7U8JiFE26GLb,动力,0,,操控
qBLiW1NTHk9KguQF,油耗,0,,操控
qBLiW1NTHk9KguQF,动力,0,,操控
t13HaBqTUZF7Yeju,油耗,0,,操控
atYuVC4do9Z3EQ2X,价格,0,,操控
MFa29rps6jzg0IbC,动力,0,,操控
Qgls9k6yBHWYoPxR,油耗,0,,舒适
edOCKSsoXJyw5TLY,动力,0,,舒适
gDHSRqoWn0m3A69d,动力,0,,舒适
hf5PnKEcrJtUYRXu,内饰,0,,舒适
IdTQ1FwiJhUtxE02,动力,0,,舒适
jaihGf4Qxl9qdNry,价格,0,,舒适
ciFVdL85Xfv0wEaN,操控,1,,舒适
5SMgPUyoustRpH1C,价格,0,,舒适
k9CaQPBrpeX8bjSG,价格,0,,舒适
XPjnqk8VFzthwuU7,动力,0,,舒适
bCx8wV5SpZDlK3Py,价格,0,,导航
dHbRIfBklWh951Dx,动力,0,,发现
WmOC83jat54SvqiP,安全性,0,,导航
WmOC83jat54SvqiP,动力,0,,导航
QWdyBLA8uHGURn6h,操控,0,,导航
FK9f0la3xHeTbqws,动力,0,,发现
isSJMTg0FcyKpOQH,操控,1,,导航
isSJMTg0FcyKpOQH,动力,1,,导航
PzDH9W2SLkI06jXn,内饰,1,,发现
CypflrRX3gzLH1S5,动力,0,,发现
CbRdc5SULZMa0ENu,外观,0,,发现
jw6r9o5lKR0qmnYO,价格,0,,发现
Tw9nMdNusAitK6LD,动力,0,,只能
mkL5BqDI0K72WYip,舒适性,0,,只能
mkL5BqDI0K72WYip,动力,0,,只能
Hl6OX4keyCiI59ca,动力,0,,启动
vNr9ZPWB7CUtenfi,油耗,0,,刹车
xewG7SsfbB4tackJ,外观,0,,只能
wypVfJ1g7KBFbHqR,动力,0,,刹车
wl56peWJEFKrPxzA,动力,0,,刹车
NTSwHW7RQV1bUA3m,价格,0,,只能
3D8VpF9nbjTK4NsB,舒适性,0,,启动
3D8VpF9nbjTK4NsB,动力,0,,启动
QcPDjLbxHWvCmVBS,动力,0,,刹车
uSEYLOmivbVUT1dM,价格,0,,空调
htRUXO3cHxBkdaMw,动力,0,,空调
gwtnIS4qfW9iRvNo,空间,1,,空调
dtcU9gDBOFwMKy1j,操控,0,,空调
aHtQSMkbuWIo3ZKU,操控,0,,空调
vbUMhGZKA6Jzn2DN,油耗,0,,空调
bsSwZUhKyEC2zpav,油耗,0,,空调
Ky2H3WgfdaIwrSAt,价格,0,,空调
iUutpQeFw6vzMsD2,动力,0,,空调
jLb8qX5xeQ4S1iKU,动力,0,,空调
6HxLhDasVpPgMm8K,油耗,0,,机油
Z2GfSdoxeOt5LNuR,安全性,0,,机油
IMofFWZihwPx4YdR,价格,0,,机油
xehQGn9UXiu7Z28I,价格,0,,机油
546EUdlygJWfBtXa,动力,0,,机油
IxGULQg6vNziM9uB,安全性,0,,机油
Avuyps28QEtHM73w,动力,0,,机油
MrTgjwkBWDmh7loK,舒适性,0,,机油
JWOxwhLq7lpQv1eI,安全性,0,,机油
hXQT2Nq5Hd7epoxZ,油耗,0,,机油
Cv9S02asNYldJ8hH,价格,0,,舒适性
Cv9S02asNYldJ8hH,外观,0,,舒适性
HIntVvrux5ZkibOE,油耗,0,,舒适性
qoLHFgKsdu52hBp0,价格,0,,舒适性
sjK5uV0zPwJMld2X,价格,0,,舒适性
lJd6v0EGxVkmNbU8,配置,0,,舒适性
sN0Od9C6iDhzPrQq,舒适性,0,,舒适性
wiNfok6vXFL1tWDV,油耗,0,,舒适性
kRG2wfTBMprINaF6,动力,0,,舒适性
s4KEk3XfTJSz0y18,舒适性,0,,舒适性
IFLmEta54AiujdUO,舒适性,0,,舒适性
4TxVo6Op8kXv3mHR,动力,0,,异响
lpF1QBJRqNorkeVh,安全性,0,,异响
eVw2EoqQzPafcni0,油耗,0,,异响
uSCy8iTz742tkdrh,配置,0,,异响
AMDg8X4KiknTopE6,动力,0,,异响
Mj2skhg31YLtnazp,价格,0,,异响
Mj2skhg31YLtnazp,动力,0,,异响
nhmcCF2Pl1GRyHiK,动力,0,,路况
3e4RCs9lGvLokq0I,安全性,0,,异响
ROMK65g8HGQweWDq,安全性,0,,异响
P7zwjrpgGSFiDA4M,价格,0,,异响
PTZrVmatjOJLeWxv,舒适性,0,,16
kpnCZaAhWuOymsRD,油耗,0,,13
kpnCZaAhWuOymsRD,舒适性,0,,13
1BvD8xQqpmouKl2w,动力,0,,导航
HsRBODZpbreXM1nP,动力,0,,16
X1M2nsA0Gy8IjKmx,舒适性,0,,16
ZVi7njCYN1403Kw6,空间,0,,导航
ZVi7njCYN1403Kw6,舒适性,0,,导航
rl8tJSg09y5dVI7p,动力,0,,13
QdaZJwOXbmkocY5v,舒适性,0,,13
QdaZJwOXbmkocY5v,动力,0,,13
dXf2rtkJHZPY0O6z,舒适性,0,,16
iGtjK9Ye0QPDkJRa,动力,0,,13
xMjehF1dANLv3oPf,动力,0,,空间
imvjh6fsbZ1B8tDk,安全性,0,,后排
ZPylWN6mJtq73xER,外观,0,,空间
k6KDiRX7ZNSMT5cq,动力,0,,空间
ZeHdSwvXkxMUFBsl,价格,0,,空间
ZeHdSwvXkxMUFBsl,舒适性,0,,空间
ZeHdSwvXkxMUFBsl,动力,0,,空间
aKEvnRIi9sjpV5OF,动力,0,,空间
oGV6CWJsQM3XLacw,油耗,0,,空间
GtXULc9wDHPn03Wv,安全性,0,,空间
CKGlT36QPrIi1Vgm,配置,0,,空间
CKGlT36QPrIi1Vgm,油耗,0,,空间
bOrtawLljMfyNK37,油耗,0,,空间
8NX1aUQcJb7w4nHf,舒适性,0,,机油
8NX1aUQcJb7w4nHf,动力,0,,机油
1fvPaU68LRyBGIjE,动力,0,,机油
PidjOceCYJhm0Tpv,油耗,0,,机油
2eRJECFPTcoNtvBr,舒适性,0,,机油
8XTxs5km0RqZVDcf,油耗,0,,机油
Yrqzo4aXitwTx7A8,动力,0,,机油
nYjsiOvqFL2uydmf,舒适性,0,,机油
c4yJrMVACb6iH2t9,操控,0,,机油
S4iz3DlsT7gZ6Ooq,配置,0,,机油
eCudFcjE3NyVaYtz,空间,1,,机油
TCtMvskX4U53FR6n,价格,0,,发动机
zKdkoRw4fSJT865W,内饰,1,,发动机
zKdkoRw4fSJT865W,舒适性,0,,发动机
zKdkoRw4fSJT865W,动力,0,,发动机
4RpKoDmk1wrHYGIM,舒适性,0,,发动机
CHn3flFZqRN2J0DY,价格,0,,发动机
RduLxnEZ5Hp6rhU3,动力,0,,发动机
o591G4LvY3uODzCZ,内饰,0,,发动机
ZwDJI2ExNGAMqT6a,价格,0,,发动机
cYOzKSreBUWy8ZCp,价格,0,,发动机
eLaUK1R3dhMSW8cp,动力,0,,发动机
eDxluSgqH0ch9YiO,油耗,0,,发动机
Ofw0eQbLz5W69aXT,动力,0,,价格
X7Dmi6pBvyNF5bjH,动力,0,,价格
Bhko5WI62HVJGm7C,动力,0,,价格
DlyhrFJX45Wq16aE,安全性,0,,价格
Ns9dpHqrizVLSA68,油耗,0,,价格
Ns9dpHqrizVLSA68,动力,0,,价格
gkO9FGQhnDH3iUKB,动力,0,,价格
XjLzFYus5S6icta1,动力,0,,30
V84a0xwl6KoqWBSH,动力,0,,价格
Phcq0nFXD3Y21b7d,动力,0,,价格
3ya5ghm4wi9xcjTe,价格,0,,价格
rRKxz0l5Jqo42GF7,价格,0,,车主
Gid8zRPEolk6q5FO,动力,0,,车主
lxkDKHi3veIRThdf,外观,0,,车主
GuPbV6ogwZMNXyLr,油耗,0,,车主
c3Cb5atuQJnVgEKL,动力,0,,车主
pmNyoGrdC1KhVlIA,价格,0,,车主
t4YZpKuxUPTziljS,价格,0,,车主
j7FmnNEyAGBHTu51,操控,1,,车主
j7FmnNEyAGBHTu51,舒适性,0,,车主
DKLwgMTHfV8xRj4S,舒适性,0,,车主
6AzsD3lBJFKg0tqL,动力,0,,车主
lUEiy21aFHVdfK8M,动力,0,,刹车盘
4zBtJOUsglWbkduc,动力,0,,刹车片
4MJFjzA0lOP7WLQr,价格,0,,刹车片
CMyhi0xvJV97RXZY,操控,0,,刹车片
FmEnshzT3UoO9tpc,安全性,0,,
e6dLZW1CuoayNDIF,动力,0,,刹车片
O1KpuZhFacmY8AXk,安全性,0,,刹车片
O1KpuZhFacmY8AXk,操控,0,,刹车片
A3shCv62UTeX7Vyu,安全性,0,,
A3shCv62UTeX7Vyu,操控,0,,
A3shCv62UTeX7Vyu,舒适性,0,,
AYI8t95ykOVvom7P,动力,0,,刹车片
hTEY0JfISa3i8Qwr,外观,0,,刹车片
UFSVZrG1ldup8ytc,舒适性,0,,估计
uOF5eWQHCSIb0lnX,油耗,0,,机油
wbtMuQ4noYlU2gSW,动力,0,,16
wkjKsHS6l84xU7cZ,安全性,0,,机油
wkjKsHS6l84xU7cZ,舒适性,0,,机油
vdFBH1tAlp6nYheT,外观,0,,估计
kcIlN4O5yfJvtuGa,价格,0,,机油
1zkIPQn47Hm2gL3O,价格,0,,机油
2w1orQ7IHc9piAuV,价格,0,,机油
2w1orQ7IHc9piAuV,配置,0,,机油
jS0ZFgm9GuXeN1QV,动力,0,,机油
rJbkSWvNsAdq5uY0,操控,0,,机油
GVJanbkKzhwZBXMq,外观,0,,优惠
GVJanbkKzhwZBXMq,舒适性,0,,优惠
KNsicY6maflyA2dW,内饰,0,,优惠
Vi7jog3FR9nLsxJc,安全性,0,,优惠
iJDBmlQzdhKw7jYg,外观,0,,优惠
lYMn2whJSZmqksj3,外观,0,,优惠
bemz6FHr47lLEXqt,配置,0,,优惠
avVmnotfUrzwJMGT,外观,0,,优惠
LjrFIVgQ5TDaWwd8,价格,0,,优惠
TNyLjrCVD3vkpbZi,舒适性,0,,优惠
aI6hN1ovMDLJGBti,内饰,0,,优惠
HcTv3d5k1a2plO6W,安全性,0,,雷达
hz5flpCykL9qiSB8,操控,0,,
pd5YZ8zr3TGD0BKl,油耗,0,,雷达
cfEFLe80SjMrAmKT,动力,0,,雷达
AXEGeoVOpmZTDnyj,安全性,0,,
BaQFJU6Njo35PWzs,动力,0,,
9LUOpIQHgYDm8FJw,动力,0,,
s8ABFWKpRvLImVib,配置,0,,雷达
eCRVcP7qzTEwsY6m,价格,0,,雷达
ZXzQi6UeEIGamhCY,配置,0,,雷达
o2uk5zlOitwBFyYP,安全性,0,,空调
5GBLPV2kyCApzocS,动力,0,,空调
mwgrVdS0lceuPjH1,舒适性,0,,空调
PLCZmuQ4GRUqAlz5,操控,0,,空调
xPCJYDniI6RMH9NA,空间,0,,空调
KPM8W6gr9zYblAHZ,安全性,0,,空调
4vHOx2oj7cmynaG1,动力,0,,空调
bDNSy4zjGYL7X8wI,配置,0,,空调
rpxlgy8Fkm0ReJqv,内饰,0,,空调
dysLaH7rFpxUNwTG,操控,0,,空调
dysLaH7rFpxUNwTG,空间,0,,空调
ACzuk3oYFdBW1iRr,安全性,0,,机油
8Lg4uaXWwNHTnUhb,动力,0,,机油
Asu64fxX7ydmaWQ9,动力,0,,机油
Id8iAazTDpMGOv49,舒适性,0,,机油
wBmEAOR0YjlgkWtT,操控,0,,机油
wBmEAOR0YjlgkWtT,动力,0,,机油
jE6k7BXpZLNWl1hQ,外观,0,,机油
0BCubTaSJ4V7jGAd,舒适性,0,,机油
23VdWzG4iAgYZtSR,安全性,0,,机油
1TpwYUG4nbQxhfKk,操控,0,,机油
KuUYrzfIatBJyOXp,油耗,0,,机油
KuUYrzfIatBJyOXp,动力,0,,机油
CJ5Y9Waw0RIPmvUK,内饰,0,,性价比
dloSVE124GTviNPL,价格,0,,机油
Oeb0NAwXUjsxJDqH,价格,0,,庞大
7U9GMh8rypb4zvsO,配置,0,,机油
DnymwrO7Ga1Qbdth,配置,0,,机油
nIMGCSAzfe25WDRm,配置,0,,机油
IOyEuQK7rgVZAzbi,操控,0,,机油
Wt6bxF4HqgRUzMTZ,动力,0,,性价比
6mRUdJ7Y1erPAtS8,动力,0,,机油
3HqNa5tQLnDRroW6,油耗,0,,机油
grwNKCJtsY0A6DVG,操控,0,,机油
yrAnx9mfHYN0OT6g,配置,0,,机油
zfu0NKtCVvXrDeUi,价格,0,,机油
HrxIikTQemGdJKAL,动力,0,,机油
a8ZDevQHbqX2JiSu,操控,0,,机油
6mJSlntYXB28sq9u,安全性,0,,机油
icEsPJWUnRS01luo,油耗,0,,机油
gXnx20VphC5mAUb1,舒适性,0,,机油
RaybZnkleEsQvUwC,油耗,0,,机油
IBzXueCTjWPyiwb9,配置,0,,机油
EBh3kYb5eanuLqw7,价格,0,,机油
MzQ8whRmWyp0kceZ,舒适性,0,,机油
BmPrwYuL8QVetZjc,舒适性,0,,机油
BmPrwYuL8QVetZjc,动力,0,,机油
lwWxuiMO3yPoH1UJ,配置,0,,机油
nfOq51SzPjtCZKvQ,油耗,0,,宝马
yI79ofOCdiAenwrz,安全性,0,,机油
eyXNfkKiglxR6btY,安全性,0,,机油
Z1quzevkUXF9JplK,油耗,0,,机油
fdIJSbNeVpoT86PO,动力,0,,机油
V5NCqp1jbLtr94BT,油耗,0,,机油
IftQwD8UO3Cs62jK,安全性,0,,原车
WsSnOLBp2wqvmxoy,动力,0,,原车
6wAv17L0UaybuNfn,舒适性,0,,影像
mF4PUT1vKM8gIAsi,外观,0,,原车
CnUEJv94VzMiHjXy,动力,0,,原车
RzW5GLurQx0imA2N,动力,0,,原车
crjYmfA4kWhaQnMP,舒适性,0,,原车
KMvqAsNXDfUicykQ,油耗,0,,影像
XFC1h4tuAMQH9pyN,油耗,0,,原车
foxsAMS3TVwvdiPh,配置,0,,原车
foxsAMS3TVwvdiPh,空间,0,,原车
JgQA0eZw9zKuySkh,动力,0,,舒适性
wmbdEs1giGzMeoXR,动力,0,,后排
0hcGSNLWQne3kuqE,价格,0,,后排
blzhHtvQLcxIyfod,外观,0,,舒适性
8T2Z9F6LexqXrIdQ,动力,0,,后排
PaAuNd5lobeqXpOh,动力,0,,轿车
hNsmB8zE1nyaVodp,油耗,0,,舒适性
uKylUE0qMehdS4jZ,价格,0,,后排
bDqpuTMz2oiR1kvS,外观,0,,舒适性
DuofMgjiE0UvP9Gh,配置,0,,后排
zLPXAiHmDMWnrO0c,动力,0,,油耗
UJeQBwqGfKhWTScr,外观,0,,底盘
1ku5LiXyCl8rcbSm,外观,0,,油耗
CXxDunpZgH7N0KyF,舒适性,0,,底盘
BaG7VWPc8mUQ4d53,配置,0,,底盘
FYVHuUQ3Llb2Odtk,动力,0,,底盘
NHYkCVopElwTO4SL,安全性,0,,油耗
b2NSpzV4tH0qkZFg,价格,0,,油耗
Hv6EBj8tTAZphROb,价格,0,,油耗
jN3kMlzEJiRSm6Tr,价格,0,,油耗
uhpTbDHGwLadQ7nS,价格,0,,舒适
RnIMpei7agYdKjXs,油耗,0,,后排
OG8z3WDXMeFRfYnr,价格,0,,后排
miG4ZxRoQSlg6KJd,价格,0,,超车
uIoTZxQ2fv5AsjUF,价格,0,,后排
bQIGj73D4BXPpCdy,价格,0,,舒适
kQKoDcN2pVsHnRvX,价格,0,,超车
PZgilYx2KRnehqOk,价格,0,,后排
6cLXpr1xS2AKefTv,价格,0,,舒适
rTEKoLtW9vp3qVNM,价格,0,,超车
ycZd3HgBt5wpGjkK,价格,0,,发动机
OiMa4ugEcIYNsZ3Q,价格,0,,发动机
j1rPTY3NROwnxFaf,操控,0,,油耗
4Zci7QKdEwlLutJV,操控,0,,发动机
TmrwlJsu8A9zybGV,操控,0,,发动机
ZidVDX9wnLjWEJGq,操控,0,,全时
A2l9McPr6ITYBNsa,油耗,0,,油耗
j2Qx1P8a5wbULihs,油耗,0,,油耗
hIGorWwQTapkS5n6,油耗,0,,发动机
oFl5e7rT9mLqMPnu,空间,0,,发动机
I1NHXDm8dzvtkfs0,空间,0,,导航
K7ci4kEpZ01axWBY,配置,0,,导航
K7ci4kEpZ01axWBY,空间,0,,导航
7PmnvLBwJSoUxf0G,配置,0,,导航
UefN5RLZ1pqguoEj,舒适性,0,,导航
UefN5RLZ1pqguoEj,动力,0,,导航
ReGAf51HQagx8Zmi,动力,0,,导航
XEQvpHbD7Z6kPVyA,动力,0,,导航
OJDLu0ziXPNRT6df,动力,0,,导航
foTKrM9SHGp7nuE0,动力,0,,导航
SelgL0QrPayBZ18K,动力,1,,导航
R8cyfI10m3Xi9tgM,动力,0,,导航
FDkmPVcfhGbToNuX,动力,0,,操控
bxrpsDYROK5iT1qj,动力,0,,操控
b9qcJOVRfPEzUuM2,动力,0,,操控
QtszkWi1bKVx9yG2,动力,0,,操控
YbZsXMk3PvaVQnLK,空间,1,,操控
Ijf1P4FEWUprbgZl,空间,0,,操控
FR7zjZJHgqWs3oPc,外观,0,,操控
MR3lsLjIOEXeU2AD,配置,0,,操控
NGRFH02YfvIpnDZO,外观,0,,舒适性
0jTdQIPg6ZaLp57O,外观,0,,操控
4thTeMKoNiIgx65W,外观,0,,机油
4thTeMKoNiIgx65W,操控,0,,机油
OQVWijN4lSh0FTey,安全性,0,,机油
sMi23mko0HIQtY8g,安全性,0,,机油
nVm3CoQ5pU6yP8uY,安全性,0,,机油
eE7PXURqbvwxh9GO,安全性,0,,机油
95yan1o6CpQ2A0Ew,安全性,0,,机油
9gO4pMXdBi6xD0lW,安全性,0,,机油
dHaJFoVOD7NmYjTq,安全性,0,,机油
vu6eVD7EHGRQJULC,安全性,0,,机油
q9uHxmI2frz8sX1C,安全性,0,,机油
ZwYtW93KxgOFi8D2,价格,0,,发动机
Em540HwFUypB8SbK,油耗,0,,发动机
n7YxMp8c9Va2Nfse,配置,0,,油耗
n7YxMp8c9Va2Nfse,舒适性,0,,油耗
2BWMN0iP6mO7QhuI,配置,0,,发动机
3AsFYcJ4OrW8wT7l,配置,0,,发动机
f9T17GDdFzhbSKk6,配置,0,,发动机
U3NevhxIRQaXnyLq,配置,0,,油耗
oepEUuObd6f4v3iR,动力,0,,油耗
jMB2W7Pdm1epbYNl,动力,0,,发动机
5DzJlZEOe2VLKpSX,动力,0,,发动机
af8n9cRIS4Vq0jmH,配置,0,,发动机
af8n9cRIS4Vq0jmH,空间,0,,发动机
JRAFg3bDo1C67q9h,空间,0,,发动机
JRAFg3bDo1C67q9h,舒适性,0,,发动机
x9GXPl40AZ5TNiBh,内饰,0,,加装
zs3gC6PE4kfNb9Wt,价格,0,,发动机
5lgjSRwKCb3D4WTF,舒适性,0,,发动机
3qravlupfdIAMznx,空间,0,,发动机
3Cs9orcTeFh1dN87,油耗,0,,发动机
SOpkMZLy40r1mYCq,油耗,0,,发动机
SOpkMZLy40r1mYCq,舒适性,0,,发动机
DYrSPJLoywAdingm,油耗,0,,发动机
WyUb7eGAJuz9Ftpc,动力,0,,发动机
UAaZtl1ST5kuzoem,舒适性,0,,
Q89PBCgxDdeJ5Vfn,内饰,0,,
3m7VUknLa6Ff5rPc,安全性,0,,
LaPs4F8Q9q0Wewp5,安全性,0,,
aB6ythMmUQL4TneC,操控,0,,
KgoZUjNaQvt6MfTA,舒适性,0,,
U58QDMeHWXkfGESg,内饰,0,,
xapJi6lVUC0oH9Py,配置,0,,
jmBWZfLGlaz2nJUu,油耗,0,,
yfpeWc2ljCkTvN4L,内饰,0,,
yfpeWc2ljCkTvN4L,空间,0,,
clht2VSkB3fFrHze,配置,0,,机油
uTmyopKDFQVvC9jt,配置,0,,机油
6uYPQjAedRH1wWCy,配置,0,,机油
8tU9biECpJdRGhaL,油耗,0,,机油
lsHg09cr1NChwKp8,油耗,0,,机油
h7Fx4nQTyPR2z9M6,外观,0,,机油
ldRbIBz5vAqsJ4WP,价格,0,,机油
4cNTIxAwjOkSB8Vv,内饰,0,,机油
TiGkVHdRmPgMpb6s,动力,0,,机油
8fJTX3LZMqErjg2Y,动力,0,,机油
tEQLJfKlMnzOs0mw,内饰,0,,机油
n8EbUTyJVxpGtWzP,配置,0,,机油
n8EbUTyJVxpGtWzP,外观,0,,机油
yvEOU7I2Z9pbMtNz,动力,0,,机油
3GaSHdJUs4wDYfkR,价格,0,,机油
WAFiDKqCfuP9xG7a,价格,1,,机油
szVrI4Xjv7ibBOPy,内饰,0,,机油
9vBKy7aEfcG4SJPO,动力,0,,机油
HiouAKZ24t58WqFV,动力,0,,机油
K8TLE9Fcay03s7xr,舒适性,0,,机油
t8i0ujgRV1ON3Qec,动力,0,,机油
KNjsGxYQdD903Rbr,油耗,0,,价格
iFGrPAzYJoRdkOS8,安全性,0,,配置
8qg3OP1AtB5Evz9a,安全性,0,,配置
x2rYTQCbOd0JKA5y,油耗,0,,配置
8CAMHLk6DfzaGZJ1,油耗,0,,配置
4vedD3ThESw9KJxN,动力,0,,配置
5GPVFrmzW2pqw6xf,操控,0,,价格
ZhC07bX9fLwAEerz,配置,0,,配置
cIn9fLxBgXV3451Y,配置,0,,价格
qTf2jyoJYALC5DZ9,价格,0,,价格
jDBJL5h3N6UK0YXV,动力,0,,异响
i7AtFZHh60kaGp3T,价格,0,,异响
CADf8GVlMn9r6me1,配置,0,,中控
CADf8GVlMn9r6me1,动力,0,,中控
7mGsIBJAHFZ0tCz4,外观,0,,异响
Fie0kyu1854nQpzA,配置,0,,异响
mpAEy9iwRn631sKS,舒适性,0,,异响
1782QoS3I4XrgZba,内饰,0,,异响
ODEdFk6L4psH9l28,油耗,0,,后备箱
5kyiUJ0LTNMVFZfq,油耗,0,,异响
3sHOQd5VmCz6npUY,油耗,0,,异响
SVIfiYWeB2yaGCQv,内饰,-1,,国产
pCy0wamSeUnDP9Fr,外观,0,,操控
6ru4D9eIzQ1iPkxv,价格,0,,国产
4Ist9FJBkGATqYjO,价格,0,,国产
A4vmUYQOlCB5p0Mf,动力,0,,操控
LT14xdFN5vOce0wI,配置,0,,操控
cADZp9bExndsOuWC,配置,0,,操控
QjFJXPzDYsV1IRWO,操控,1,,操控
Ni0TWvFVRU8XdmtO,操控,0,,操控
63RsQ9a0JqXobE4m,配置,0,,操控
63RsQ9a0JqXobE4m,动力,0,,操控
L5xfDMnaIlWO6Vky,配置,0,,空间
J9L6sZFX2fcUBzOS,油耗,0,,空间
LM7f4OynlJb8HqvY,操控,0,,空间
LM7f4OynlJb8HqvY,舒适性,0,,空间
i8mxAKoNVhD7CIg6,动力,0,,避震
Unr7RcXmCght2ifD,舒适性,0,,空间
8CZDFqhGmY3HwVz0,空间,0,,空间
41nm2EQI9BXljaDk,内饰,0,,空间
6DWMVcopvEKwU4PJ,空间,0,,空间
6DWMVcopvEKwU4PJ,舒适性,0,,空间
0gKMWbXrF2qyRTEk,操控,0,,空间
ZfLWb4GQDRhgyvow,价格,0,,空间
4TErfMzgFCnDRPqe,动力,0,,空间
5UPW7gfxl9jTcMuN,安全性,0,,空间
RWc4PB7gMpnsmUHl,油耗,0,,空间
7FzGhLUQufMglaAn,动力,0,,空间
4tlfWveDHL9wcZ7m,安全性,0,,空间
HCkprjv6uWRh47sL,动力,0,,空间
QYLVlAzboyFTHWuw,操控,0,,空间
9hv6gmwl0XbRKArI,舒适性,0,,空间
WYa8Arw7bGLuKnqi,动力,0,,空间
RrgVEIYCuW1iNqL4,动力,0,,空间
fHSqoTiP2bIrEG8U,舒适性,0,,配置
De6AFcbTKIl4R3Qg,操控,0,,内饰
nI0YSRiZdC2MEmag,动力,0,,导航
dkBrQ8FaUsD50qJ7,价格,0,,机油
2YvN9c8p3yrlhIQt,内饰,-1,,内饰
9hBGibuUNvjL1Qng,安全性,0,,性能
8jgDfxBpO45FWl1m,价格,0,,机油
BMifCDqjK6JwGTnL,舒适性,0,,内饰
SyZ6BOmLAeYc09pf,安全性,0,,机油
0aUzxbsfLNnljZMS,空间,0,,机油
PgCAcDLuVZ41xzod,内饰,0,,配置
vDUH86p9mfyQP5cA,安全性,0,,内饰
0m3DxdfAIcgnE4kM,内饰,0,,导航
InuPQK6wX9UtzgCl,动力,0,,机油
0euRkBO8AwisjYTJ,空间,0,,内饰
SRNvlyPi7OM81VQC,动力,0,,性能
htC6x7q2Yv14uUFX,舒适性,0,,机油
R3ANbXlwH8z6vWPj,舒适性,0,,内饰
R3ANbXlwH8z6vWPj,动力,0,,内饰
RKZmPl1Ny5dDC42o,外观,0,,机油
athS4JK0ClzGrYb8,配置,0,,机油
6sCNZQ0854b9k2ep,操控,0,,配置
nkNvR74fauUP9oSg,油耗,0,,配置
7HjuWDZzSykeEOIQ,安全性,0,,配置
6nulXChYs8biaKg7,操控,0,,配置
z1Vy3OLYhdZjrW9m,油耗,0,,配置
z1Vy3OLYhdZjrW9m,动力,0,,配置
FVOZ4U9adMc6gnRb,舒适性,0,,配置
FVOZ4U9adMc6gnRb,动力,0,,配置
y7ziHVFaYs3vAS5C,安全性,0,,排量
dWjXp309QZK6sOBt,动力,0,,配置
UMeVQhHNRcoYJ8GT,内饰,0,,配置
qCrxFMylGAKYfR8T,价格,0,,配置
NMzl5tR6JQwCb0e1,动力,0,,配置
CqSyRtsONd1iG5BJ,油耗,0,,配置
BGE1XAJ6iCZ9uclf,油耗,0,,配置
Ce7V3lxzB2mrpL5w,油耗,0,,配置
o9mCw65vOBq0fYUF,油耗,0,,配置
o9mCw65vOBq0fYUF,舒适性,0,,配置
iAktfmCUh4aeMrZS,舒适性,0,,配置
oKTmraqO2ltuZ6N0,动力,0,,配置
pcK875yafZ0DvE9S,安全性,0,,配置
6nb4X8DrhGIysL9R,配置,0,,天窗
nYqDJsS4CEVwAu8x,外观,0,,配置
itm5q6I1z8vf7ZMD,动力,0,,配置
rEG7UsMicjYIuO0H,安全性,0,,配置
rEG7UsMicjYIuO0H,动力,0,,配置
swWXCztEAlxLfkOI,动力,0,,配置
8lrYXUQIg1cFxjd7,价格,0,,发动机
G5WVJdhNEr71HyBI,动力,0,,配置
ytm3xPrzZ4OuXIH1,动力,0,,发动机
uokFtR1jyIimG9UT,配置,0,,发动机
uokFtR1jyIimG9UT,动力,0,,发动机
hY9A7rn2wlmEF0uo,操控,0,,配置
wTJY4NqXUaPSgpWt,动力,0,,发动机
gDtCHTmXVEUsqiyW,价格,0,,发动机
0aUM14td75FBNEfl,操控,0,,配置
YT5pdexbmOQwG7hR,动力,0,,配置
Ct5pUOgmiTQ7o3fL,油耗,0,,配置
0EkBRAYPsfOTt4z3,空间,0,,配置
m1d2uePf9JFGbg8a,安全性,0,,配置
1qT9KYyC8el7Om4M,舒适性,0,,配置
XbUZeDAdEpMwg7kt,动力,0,,不好
Qt0XJqvUN6gOhePZ,配置,0,,配置
sNc3FPI4ZnrUgS8G,内饰,-1,,不好
OxkuXFay5GLP1eIh,操控,1,,配置
3Zl8sQoSMrOUCyhg,价格,0,,配置
EFVfO2leBpH0uzrw,操控,0,,配置
DIjbzLMF2vgEsxti,价格,0,,配置
j2bY7lqSH3PawNn5,价格,0,,配置
4N70AwcexTqDCoJr,空间,1,,配置
yGsQJVCBYmMglaUp,动力,0,,动力
mouaUxBnX2vHPYsR,内饰,0,,动力
Zl8IfcmpNrLVAPS4,操控,1,,动力
fIHPrW8MzVdC4kwF,动力,0,,动力
E5390SuTF2RoQyzt,舒适性,0,,动力
5XznxhYNAGF7WKJD,安全性,0,,配置
S3Aq4NOhFDspEgZm,操控,0,,配置
3qVmrKu1wxJb0X6I,安全性,0,,配置
vPCDf2OemEGh4jzl,空间,0,,配置
trsL1COIpBSWXMex,外观,0,,配置
PE5gLlduiYGTzqsn,动力,0,,配置
WgtvsofC74wOIYVb,动力,0,,配置
H8jYWQ5gMADxtmuh,舒适性,0,,配置
ouMTnWL81gZemPi9,安全性,0,,国产
7pDJV8ab4NjH3r5e,舒适性,0,,配置
hGPD9vBZgR6zNV4S,动力,0,,配置
2jJXvw58LHgT3RBD,动力,0,,配置
OCkifpF73WQYjoNI,内饰,0,,配置
XrQJUSeIVhBib86Z,配置,0,,配置
MF2yRZwkDtmozdPS,内饰,-1,,配置
Yu0EUZt54G8fiHOW,外观,0,,配置
yLhg5NmjCWat4YFV,操控,0,,建议
0GtHsUD3ikzZoX5q,油耗,0,,配置
0GtHsUD3ikzZoX5q,动力,0,,配置
S3dNtUixLg2uVkWD,动力,0,,启动
xJ1wWtb9TsYkKO5X,舒适性,0,,建议
lr0sCcFamRVfPHn5,油耗,0,,配置
H6y17JaXzxADtqer,操控,0,,配置
DJES3mRatNG7AMwz,配置,0,,配置
GdPUZvlCm438WtS5,油耗,0,,配置
m1rOC6jMweNH2Q9J,价格,0,,配置
vP56NeZdJA8jtXmF,配置,0,,油耗
fQnMrWegYBvTh2Ic,动力,0,,油耗
xSTt0OV9nYkb6NEa,操控,1,,配置
xSTt0OV9nYkb6NEa,动力,0,,配置
BfWd1cJDFQLNn3gG,安全性,0,,油耗
IoKEnR3JdXu0gG4h,动力,0,,油耗
4p5xbNDUMLAwvzrY,操控,0,,配置
4p5xbNDUMLAwvzrY,动力,0,,配置
VYJEH3N0ZkGt5Xvy,舒适性,0,,配置
iSp7q8d4eW9honmI,动力,0,,配置
WLHp3PYJ9FvOGXE2,安全性,0,,配置
